-- MySQL dump 10.13  Distrib 5.1.41, for debian-linux-gnu (i486)
--
-- Host: localhost    Database: hvsi
-- ------------------------------------------------------
-- Server version	5.1.41-3ubuntu12.6

/*!40101 SET @OLD_CHARACTER_SET_CLIENT=@@CHARACTER_SET_CLIENT */;
/*!40101 SET @OLD_CHARACTER_SET_RESULTS=@@CHARACTER_SET_RESULTS */;
/*!40101 SET @OLD_COLLATION_CONNECTION=@@COLLATION_CONNECTION */;
/*!40101 SET NAMES utf8 */;
/*!40103 SET @OLD_TIME_ZONE=@@TIME_ZONE */;
/*!40103 SET TIME_ZONE='+00:00' */;
/*!40014 SET @OLD_UNIQUE_CHECKS=@@UNIQUE_CHECKS, UNIQUE_CHECKS=0 */;
/*!40014 SET @OLD_FOREIGN_KEY_CHECKS=@@FOREIGN_KEY_CHECKS, FOREIGN_KEY_CHECKS=0 */;
/*!40101 SET @OLD_SQL_MODE=@@SQL_MODE, SQL_MODE='NO_AUTO_VALUE_ON_ZERO' */;
/*!40111 SET @OLD_SQL_NOTES=@@SQL_NOTES, SQL_NOTES=0 */;

--
-- Table structure for table `admin`
--

DROP TABLE IF EXISTS `admin`;
/*!40101 SET @saved_cs_client     = @@character_set_client */;
/*!40101 SET character_set_client = utf8 */;
CREATE TABLE `admin` (
  `id` int(11) NOT NULL AUTO_INCREMENT,
  `child_name` varchar(255) DEFAULT NULL,
  PRIMARY KEY (`id`)
) ENGINE=MyISAM AUTO_INCREMENT=2 DEFAULT CHARSET=utf8;
/*!40101 SET character_set_client = @saved_cs_client */;

--
-- Dumping data for table `admin`
--

LOCK TABLES `admin` WRITE;
/*!40000 ALTER TABLE `admin` DISABLE KEYS */;
INSERT INTO `admin` VALUES (1,NULL);
/*!40000 ALTER TABLE `admin` ENABLE KEYS */;
UNLOCK TABLES;

--
-- Table structure for table `checkin`
--

DROP TABLE IF EXISTS `checkin`;
/*!40101 SET @saved_cs_client     = @@character_set_client */;
/*!40101 SET character_set_client = utf8 */;
CREATE TABLE `checkin` (
  `id` int(11) NOT NULL AUTO_INCREMENT,
  `time` datetime NOT NULL,
  `location` enum('cby','ucu','cafealt','manual','internet','admin') NOT NULL,
  `player_id` int(11) NOT NULL,
  PRIMARY KEY (`id`),
  KEY `checkin_player_id_exists` (`player_id`)
) ENGINE=MyISAM AUTO_INCREMENT=426 DEFAULT CHARSET=utf8;
/*!40101 SET character_set_client = @saved_cs_client */;

--
-- Dumping data for table `checkin`
--

LOCK TABLES `checkin` WRITE;
/*!40000 ALTER TABLE `checkin` DISABLE KEYS */;
INSERT INTO `checkin` VALUES (94,'2010-11-01 14:38:24','cafealt',38),(2,'2010-11-01 10:40:55','manual',11),(3,'2010-11-01 12:36:55','manual',12),(4,'2010-11-01 12:12:47','manual',13),(5,'2010-11-01 13:03:52','manual',17),(6,'2010-11-01 11:27:37','manual',18),(7,'2010-11-01 13:02:02','manual',23),(8,'2010-11-01 12:51:14','manual',26),(9,'2010-11-01 13:06:46','manual',28),(10,'2010-11-01 12:40:14','manual',31),(11,'2010-11-01 09:51:55','manual',33),(12,'2010-11-01 11:04:02','manual',34),(13,'2010-11-01 12:31:49','manual',35),(14,'2010-11-01 12:27:33','manual',36),(15,'2010-11-01 09:58:47','manual',38),(16,'2010-11-01 12:49:00','manual',39),(17,'2010-11-01 11:09:51','manual',40),(18,'2010-11-01 09:50:21','manual',41),(19,'2010-11-01 09:44:45','manual',45),(20,'2010-11-01 12:15:29','manual',47),(21,'2010-11-01 09:57:41','manual',53),(22,'2010-11-01 09:56:39','manual',54),(23,'2010-11-01 12:43:12','manual',60),(24,'2010-11-01 11:33:32','manual',63),(25,'2010-11-01 11:35:57','manual',64),(26,'2010-11-01 12:51:52','manual',66),(27,'2010-11-01 11:11:48','manual',68),(28,'2010-11-01 11:31:52','manual',69),(29,'2010-11-01 11:25:45','manual',71),(30,'2010-11-01 12:39:14','manual',72),(31,'2010-11-01 11:38:39','manual',73),(32,'2010-11-01 12:38:22','manual',77),(33,'2010-11-01 11:28:36','manual',78),(34,'2010-11-01 12:29:18','manual',79),(35,'2010-11-01 12:24:29','manual',80),(36,'2010-11-01 12:49:40','manual',88),(37,'2010-11-01 12:46:17','manual',89),(38,'2010-11-01 10:18:36','manual',90),(39,'2010-11-01 09:42:08','manual',91),(40,'2010-11-01 12:26:07','manual',92),(41,'2010-11-01 13:04:31','manual',96),(42,'2010-11-01 13:05:43','manual',97),(43,'2010-11-01 09:46:06','manual',98),(44,'2010-11-01 09:43:43','manual',100),(45,'2010-11-01 09:45:37','manual',101),(46,'2010-11-01 12:23:44','manual',105),(47,'2010-11-01 09:52:29','manual',110),(48,'2010-11-01 12:22:55','manual',111),(49,'2010-11-01 09:48:06','manual',113),(50,'2010-11-01 09:46:40','manual',114),(51,'2010-11-01 11:15:05','manual',116),(52,'2010-11-01 12:51:54','manual',117),(53,'2010-11-01 12:33:39','manual',121),(54,'2010-11-01 11:30:45','manual',123),(55,'2010-11-01 11:30:50','manual',125),(56,'2010-11-01 11:29:44','manual',132),(57,'2010-11-01 11:36:27','manual',133),(58,'2010-11-01 11:29:51','manual',134),(59,'2010-11-01 11:37:04','manual',135),(60,'2010-11-01 11:37:54','manual',136),(61,'2010-11-01 12:26:52','manual',137),(62,'2010-11-01 12:25:57','manual',138),(63,'2010-11-01 12:42:12','manual',139),(64,'2010-11-01 12:12:05','manual',140),(65,'2010-11-01 12:43:19','manual',141),(66,'2010-11-01 13:09:33','manual',142),(95,'2010-11-01 14:44:18','cafealt',91),(68,'2010-11-01 13:11:44','manual',144),(69,'2010-11-01 13:14:08','manual',42),(70,'2010-11-01 13:17:36','manual',107),(71,'2010-11-01 13:12:16','manual',143),(72,'2010-11-01 13:21:28','cafealt',108),(73,'2010-11-01 13:23:41','cafealt',124),(74,'2010-11-01 13:26:16','cafealt',37),(75,'2010-11-01 13:31:12','cby',147),(76,'2010-11-01 13:32:31','cby',112),(77,'2010-11-01 13:37:21','cafealt',148),(78,'2010-11-01 13:39:37','cafealt',20),(79,'2010-11-01 13:43:06','cafealt',149),(80,'2010-11-01 13:50:19','cafealt',29),(81,'2010-11-01 13:58:09','cafealt',22),(82,'2010-11-01 14:04:22','cafealt',103),(83,'2010-11-01 14:04:29','cby',75),(84,'2010-11-01 14:12:06','cafealt',151),(85,'2010-11-01 14:15:13','cafealt',152),(86,'2010-11-01 14:17:57','cafealt',153),(87,'2010-11-01 14:19:04','cafealt',65),(88,'2010-11-01 14:21:16','cby',86),(89,'2010-11-01 14:23:35','cafealt',154),(90,'2010-11-01 14:26:30','cby',57),(91,'2010-11-01 14:26:42','cby',114),(92,'2010-11-01 14:26:57','cafealt',119),(93,'2010-11-01 14:33:00','cafealt',21),(96,'2010-11-01 14:46:00','cby',11),(97,'2010-11-01 14:53:02','cafealt',59),(98,'2010-11-01 14:58:31','cafealt',157),(99,'2010-11-01 15:06:20','cafealt',158),(100,'2010-11-01 15:08:59','cby',67),(101,'2010-11-01 15:14:46','cafealt',156),(102,'2010-11-01 15:23:19','cafealt',122),(103,'2010-11-01 15:33:44','cby',44),(104,'2010-11-01 15:38:25','cafealt',34),(105,'2010-11-01 15:40:08','cafealt',24),(106,'2010-11-01 15:41:38','cby',135),(107,'2010-11-01 15:44:01','cby',18),(108,'2010-11-01 15:47:02','cafealt',159),(109,'2010-11-01 15:48:50','cafealt',113),(110,'2010-11-01 15:49:05','cafealt',41),(111,'2010-11-01 15:51:47','cafealt',45),(112,'2010-11-01 15:52:20','cafealt',101),(113,'2010-11-01 15:52:49','cby',126),(114,'2010-11-01 15:57:30','cby',78),(115,'2010-11-01 15:57:51','cafealt',160),(116,'2010-11-01 16:01:28','cby',61),(117,'2010-11-01 16:01:58','cafealt',68),(118,'2010-11-01 16:02:10','cafealt',71),(119,'2010-11-01 16:04:52','cafealt',162),(120,'2010-11-01 16:05:25','cafealt',32),(121,'2010-11-01 16:07:32','cafealt',51),(122,'2010-11-01 16:12:15','cafealt',69),(123,'2010-11-01 16:38:41','cafealt',163),(124,'2010-11-01 16:44:25','cafealt',50),(125,'2010-11-01 16:51:05','cby',90),(126,'2010-11-01 16:52:37','cafealt',164),(127,'2010-11-01 16:58:32','cafealt',52),(128,'2010-11-01 17:02:06','cafealt',165),(129,'2010-11-01 17:02:46','cby',31),(130,'2010-11-01 17:06:08','cby',100),(131,'2010-11-01 17:09:37','cby',33),(132,'2010-11-01 17:17:18','cby',60),(133,'2010-11-01 17:20:10','cafealt',166),(134,'2010-11-01 17:24:36','cafealt',40),(135,'2010-11-01 17:25:41','cby',76),(136,'2010-11-01 17:26:21','cby',92),(137,'2010-11-01 17:28:46','manual',80),(138,'2010-11-01 17:29:42','manual',137),(139,'2010-11-01 17:30:44','cafealt',167),(140,'2010-11-01 17:31:28','manual',13),(141,'2010-11-01 17:31:46','manual',125),(142,'2010-11-01 17:32:32','manual',35),(143,'2010-11-01 17:34:27','cby',58),(144,'2010-11-01 17:35:08','cafealt',168),(145,'2010-11-02 08:21:08','cby',175),(146,'2010-11-02 08:21:23','cby',175),(147,'2010-11-02 08:30:54','manual',60),(148,'2010-11-02 08:31:05','manual',45),(149,'2010-11-02 08:31:27','cby',18),(150,'2010-11-02 09:20:39','cby',42),(151,'2010-11-02 09:22:49','cby',17),(152,'2010-11-02 09:29:25','cby',78),(153,'2010-11-02 09:32:33','cby',69),(154,'2010-11-02 09:33:25','cby',47),(155,'2010-11-02 09:37:23','cby',139),(156,'2010-11-02 09:48:46','cby',147),(157,'2010-11-02 09:50:07','cby',141),(158,'2010-11-02 09:57:10','cafealt',50),(159,'2010-11-02 09:57:17','cby',62),(160,'2010-11-02 09:57:50','cby',92),(161,'2010-11-02 09:58:07','cafealt',89),(162,'2010-11-02 09:59:04','cby',11),(163,'2010-11-02 10:00:10','cby',98),(164,'2010-11-02 10:00:21','cafealt',22),(165,'2010-11-02 10:01:30','cafealt',91),(166,'2010-11-02 10:02:06','cby',114),(167,'2010-11-02 10:02:32','cafealt',68),(168,'2010-11-02 10:03:00','cafealt',34),(169,'2010-11-02 10:03:49','cafealt',144),(170,'2010-11-02 10:05:29','cafealt',29),(171,'2010-11-02 10:05:56','cafealt',12),(172,'2010-11-02 10:07:13','cafealt',77),(173,'2010-11-02 10:38:52','cby',172),(174,'2010-11-02 10:40:40','cby',135),(175,'2010-11-02 10:41:05','cafealt',103),(176,'2010-11-02 10:41:23','cafealt',66),(177,'2010-11-02 10:44:11','cafealt',96),(178,'2010-11-02 10:46:01','cafealt',124),(179,'2010-11-02 10:53:41','cby',164),(180,'2010-11-02 11:04:21','cafealt',35),(181,'2010-11-02 11:06:20','cafealt',53),(182,'2010-11-02 11:13:48','cafealt',152),(183,'2010-11-02 11:15:05','cafealt',165),(184,'2010-11-02 11:15:15','cafealt',149),(185,'2010-11-02 11:16:03','cafealt',105),(186,'2010-11-02 11:18:58','cby',133),(187,'2010-11-02 11:20:11','cby',44),(188,'2010-11-02 11:20:37','cafealt',37),(189,'2010-11-02 11:20:53','cafealt',38),(190,'2010-11-02 11:21:24','cafealt',88),(191,'2010-11-02 11:25:52','cby',173),(192,'2010-11-02 11:26:37','cby',173),(193,'2010-11-02 11:27:53','cafealt',20),(194,'2010-11-02 11:28:06','cby',176),(195,'2010-11-02 11:28:55','cafealt',107),(196,'2010-11-02 11:30:29','cby',171),(197,'2010-11-02 11:35:00','cafealt',71),(198,'2010-11-02 11:39:36','cby',170),(199,'2010-11-02 11:45:39','cafealt',112),(200,'2010-11-02 11:46:08','cafealt',28),(201,'2010-11-02 11:55:36','cafealt',54),(202,'2010-11-02 11:59:59','cafealt',94),(203,'2010-11-02 12:00:08','cafealt',80),(204,'2010-11-02 12:01:09','cafealt',24),(205,'2010-11-02 12:23:16','internet',122),(206,'2010-11-02 12:25:56','cafealt',75),(207,'2010-11-02 12:31:46','cafealt',113),(208,'2010-11-02 12:50:25','cafealt',153),(209,'2010-11-02 12:51:31','cby',126),(210,'2010-11-02 12:56:31','cafealt',108),(211,'2010-11-02 12:58:01','cafealt',41),(212,'2010-11-02 12:58:25','cafealt',72),(213,'2010-11-02 12:58:41','cafealt',162),(214,'2010-11-02 12:59:07','cafealt',110),(215,'2010-11-02 13:01:21','cby',130),(216,'2010-11-02 13:01:33','cafealt',161),(217,'2010-11-02 13:05:54','cafealt',40),(218,'2010-11-02 13:06:19','cafealt',76),(219,'2010-11-02 13:21:40','cafealt',36),(220,'2010-11-02 13:24:02','cafealt',26),(221,'2010-11-02 13:32:17','cafealt',13),(222,'2010-11-02 13:32:34','cafealt',21),(223,'2010-11-02 09:38:53','cby',100),(224,'2010-11-02 13:44:43','cby',60),(225,'2010-11-02 13:59:11','cby',92),(226,'2010-11-02 14:01:36','cafealt',22),(227,'2010-11-02 14:04:29','cby',114),(228,'2010-11-02 14:05:27','cafealt',179),(229,'2010-11-02 14:09:01','cby',12),(230,'2010-11-02 14:10:32','cby',47),(231,'2010-11-02 14:13:04','cafealt',181),(232,'2010-11-02 14:15:13','cby',99),(233,'2010-11-02 14:19:06','cby',182),(234,'2010-11-02 14:19:20','cafealt',147),(235,'2010-11-02 14:19:34','cafealt',154),(236,'2010-11-02 14:24:01','cby',183),(237,'2010-11-02 14:25:51','cby',78),(238,'2010-11-02 14:39:09','cby',62),(239,'2010-11-02 15:00:01','cafealt',124),(240,'2010-11-02 15:03:00','cafealt',125),(241,'2010-11-02 15:19:53','internet',35),(242,'2010-11-02 15:30:24','cby',17),(243,'2010-11-02 15:31:12','cby',69),(244,'2010-11-02 15:33:24','cafealt',191),(245,'2010-11-02 15:35:55','cby',42),(246,'2010-11-02 15:38:44','manual',187),(247,'2010-11-02 15:40:01','cafealt',71),(248,'2010-11-02 15:40:14','cby',23),(249,'2010-11-02 15:40:31','cby',66),(250,'2010-11-02 15:41:19','cafealt',152),(251,'2010-11-02 15:41:39','cby',172),(252,'2010-11-02 15:43:14','cafealt',165),(253,'2010-11-02 15:46:00','cby',186),(254,'2010-11-02 15:46:11','cafealt',77),(255,'2010-11-02 15:47:59','internet',28),(256,'2010-11-02 15:49:17','cafealt',20),(257,'2010-11-02 15:52:35','cby',120),(258,'2010-11-02 15:55:32','cafealt',37),(259,'2010-11-02 15:55:46','cafealt',38),(260,'2010-11-02 15:56:27','cafealt',175),(273,'2010-11-02 16:29:14','cafealt',98),(262,'2010-11-02 16:03:15','cby',50),(263,'2010-11-02 16:04:03','cafealt',11),(264,'2010-11-02 16:10:05','cafealt',194),(265,'2010-11-02 16:10:18','cafealt',149),(266,'2010-11-02 16:13:45','cby',171),(267,'2010-11-02 16:15:00','manual',195),(268,'2010-11-02 16:17:12','internet',68),(269,'2010-11-02 16:17:22','cafealt',140),(270,'2010-11-02 16:20:23','cby',196),(271,'2010-11-02 16:22:35','cby',53),(274,'2010-11-02 16:30:11','cafealt',107),(275,'2010-11-02 16:30:22','cby',197),(276,'2010-11-02 16:40:02','cafealt',112),(277,'2010-11-02 16:45:23','cby',141),(278,'2010-11-02 16:45:46','cby',139),(279,'2010-11-02 16:46:47','cafealt',170),(280,'2010-11-02 16:51:52','cby',126),(281,'2010-11-02 17:03:19','internet',161),(282,'2010-11-02 17:04:23','internet',54),(283,'2010-11-02 17:04:58','cby',75),(284,'2010-11-02 17:09:03','cby',110),(285,'2010-11-02 17:09:59','cby',88),(286,'2010-11-02 17:10:21','cby',105),(287,'2010-11-02 17:10:48','cafealt',40),(288,'2010-11-02 17:13:21','cafealt',144),(289,'2010-11-02 17:18:23','cafealt',145),(290,'2010-11-02 17:18:32','cafealt',122),(291,'2010-11-02 17:18:59','cafealt',113),(292,'2010-11-02 17:19:12','cafealt',41),(293,'2010-11-02 17:19:59','cby',180),(294,'2010-11-02 17:20:30','cby',117),(295,'2010-11-02 17:29:37','cafealt',26),(296,'2010-11-02 17:29:54','cafealt',94),(297,'2010-11-02 17:32:58','internet',13),(298,'2010-11-02 17:33:45','internet',21),(299,'2010-11-02 17:34:44','manual',100),(300,'2010-11-02 17:36:20','cafealt',198),(301,'2010-11-02 17:37:50','cafealt',198),(302,'2010-11-02 18:20:52','internet',76),(303,'2010-11-02 18:22:39','internet',119),(304,'2010-11-02 18:23:49','internet',44),(305,'2010-11-02 19:09:08','manual',192),(306,'2010-11-02 19:39:27','internet',133),(307,'2010-11-02 19:58:17','internet',111),(308,'2010-11-02 21:35:29','internet',108),(309,'2010-11-02 21:37:06','internet',23),(310,'2010-11-02 21:47:35','internet',156),(311,'2010-11-02 21:48:47','internet',125),(312,'2010-11-02 23:30:53','internet',99),(313,'2010-11-03 00:28:44','internet',130),(314,'2010-11-03 08:23:21','cby',170),(315,'2010-11-03 08:29:54','internet',114),(316,'2010-11-03 09:23:49','cby',139),(317,'2010-11-03 09:24:35','cby',60),(318,'2010-11-03 09:39:05','cby',141),(319,'2010-11-03 09:47:20','cby',99),(320,'2010-11-03 09:50:26','cby',78),(321,'2010-11-03 09:54:07','cby',88),(322,'2010-11-03 09:55:48','cby',120),(323,'2010-11-03 10:02:06','cby',69),(324,'2010-11-03 10:07:15','manual',133),(325,'2010-11-03 10:38:27','internet',53),(326,'2010-11-03 08:30:00','manual',181),(327,'2010-11-03 08:30:00','manual',41),(328,'2010-11-03 10:44:47','cby',126),(329,'2010-11-03 10:45:41','cby',23),(330,'2010-11-03 10:49:52','cby',62),(331,'2010-11-03 10:55:20','cby',191),(332,'2010-11-03 11:14:51','cby',12),(333,'2010-11-03 11:16:37','cafealt',154),(334,'2010-11-03 11:16:50','cafealt',21),(335,'2010-11-03 11:17:09','cafealt',156),(336,'2010-11-03 11:24:17','cby',11),(337,'2010-11-03 11:25:11','cby',17),(338,'2010-11-03 11:26:22','cby',50),(339,'2010-11-03 08:30:00','manual',190),(340,'2010-11-03 09:30:00','manual',186),(341,'2010-11-03 09:40:00','manual',147),(342,'2010-11-03 09:53:00','manual',110),(343,'2010-11-03 09:53:00','manual',44),(344,'2010-11-03 09:55:00','manual',194),(345,'2010-11-03 11:32:50','cafealt',68),(346,'2010-11-03 10:00:00','manual',100),(347,'2010-11-03 10:00:00','manual',113),(348,'2010-11-03 10:00:00','manual',98),(349,'2010-11-03 10:04:00','manual',66),(350,'2010-11-03 10:15:00','manual',152),(351,'2010-11-03 10:41:00','manual',105),(352,'2010-11-03 10:46:00','manual',130),(353,'2010-11-03 10:56:00','manual',124),(354,'2010-11-03 11:00:25','manual',107),(355,'2010-11-03 11:05:21','manual',26),(356,'2010-11-03 11:08:26','manual',13),(357,'2010-11-03 11:42:17','cafealt',28),(358,'2010-11-03 11:42:46','cafealt',47),(359,'2010-11-03 12:07:00','internet',20),(360,'2010-11-03 12:20:09','cby',112),(361,'2010-11-03 12:20:50','cby',172),(362,'2010-11-03 12:31:26','cafealt',71),(363,'2010-11-03 12:38:35','cafealt',119),(364,'2010-11-03 12:39:28','cby',114),(365,'2010-11-03 12:52:14','cafealt',161),(366,'2010-11-03 13:02:06','cafealt',54),(367,'2010-11-03 13:06:57','cby',75),(368,'2010-11-03 13:07:11','cafealt',77),(369,'2010-11-03 13:09:56','cby',181),(370,'2010-11-03 13:14:03','cafealt',76),(371,'2010-11-03 13:22:35','cafealt',122),(372,'2010-11-03 13:25:57','cafealt',40),(373,'2010-11-03 13:46:32','cafealt',41),(374,'2010-11-03 13:53:13','cafealt',186),(375,'2010-11-03 13:57:23','cby',120),(376,'2010-11-03 14:02:07','cafealt',100),(377,'2010-11-03 14:03:00','cafealt',194),(378,'2010-11-03 14:07:45','cby',60),(379,'2010-11-03 14:07:54','cafealt',149),(380,'2010-11-03 14:19:04','cafealt',66),(381,'2010-11-03 14:19:27','cby',78),(382,'2010-11-03 14:21:12','cafealt',98),(383,'2010-11-03 14:37:22','cby',69),(384,'2010-11-03 08:30:00','manual',184),(385,'2010-11-03 14:44:37','cby',117),(386,'2010-11-03 14:51:16','cby',88),(387,'2010-11-03 15:05:50','cafealt',190),(388,'2010-11-03 15:10:53','cafealt',124),(389,'2010-11-03 15:11:09','cafealt',53),(390,'2010-11-03 15:17:31','cby',139),(391,'2010-11-03 15:20:47','cafealt',156),(392,'2010-11-03 15:26:02','cby',147),(393,'2010-11-03 15:26:31','cafealt',144),(394,'2010-11-03 15:36:27','cby',107),(395,'2010-11-03 15:41:45','cafealt',12),(396,'2010-11-03 15:43:29','cafealt',191),(397,'2010-11-03 15:45:41','cafealt',50),(398,'2010-11-03 15:52:09','cafealt',28),(399,'2010-11-03 16:00:05','cafealt',110),(400,'2010-11-03 16:02:17','cby',62),(401,'2010-11-03 16:02:45','cafealt',152),(402,'2010-11-03 16:24:01','cafealt',13),(403,'2010-11-03 16:31:41','cafealt',71),(404,'2010-11-03 16:45:10','internet',47),(405,'2010-11-03 16:47:57','internet',17),(406,'2010-11-03 16:48:57','cafealt',119),(407,'2010-11-03 16:49:27','cby',170),(408,'2010-11-03 16:49:55','cafealt',112),(409,'2010-11-03 16:53:57','cby',172),(410,'2010-11-03 17:02:14','cafealt',54),(411,'2010-11-03 17:04:13','cafealt',99),(412,'2010-11-03 17:08:41','cby',21),(413,'2010-11-03 17:09:19','cby',141),(414,'2010-11-03 17:12:28','cafealt',20),(415,'2010-11-03 17:12:41','cafealt',77),(416,'2010-11-03 17:13:21','cby',126),(417,'2010-11-03 17:22:35','cafealt',122),(418,'2010-11-03 17:25:37','cby',133),(419,'2010-11-03 17:26:59','cafealt',40),(420,'2010-11-03 17:56:46','internet',184),(421,'2010-11-03 19:34:52','internet',149),(422,'2010-11-03 08:30:00','cby',185),(423,'2010-11-03 16:30:00','cby',185),(424,'2010-11-03 17:57:00','internet',117),(425,'2010-11-03 21:32:42','internet',196);
/*!40000 ALTER TABLE `checkin` ENABLE KEYS */;
UNLOCK TABLES;

--
-- Table structure for table `comment`
--

DROP TABLE IF EXISTS `comment`;
/*!40101 SET @saved_cs_client     = @@character_set_client */;
/*!40101 SET character_set_client = utf8 */;
CREATE TABLE `comment` (
  `id` int(11) NOT NULL AUTO_INCREMENT,
  `time` datetime NOT NULL,
  `content` text,
  `user_id` int(11) DEFAULT NULL,
  `post_id` int(11) DEFAULT NULL,
  PRIMARY KEY (`id`),
  KEY `comment_user_id_exists` (`user_id`),
  KEY `comment_post_id_exists` (`post_id`)
) ENGINE=MyISAM AUTO_INCREMENT=2 DEFAULT CHARSET=utf8;
/*!40101 SET character_set_client = @saved_cs_client */;

--
-- Dumping data for table `comment`
--

LOCK TABLES `comment` WRITE;
/*!40000 ALTER TABLE `comment` DISABLE KEYS */;
INSERT INTO `comment` VALUES (1,'2010-11-02 21:14:50','One of the best times to get socks if you\'re gunning for that iPod Nano!',1,8);
/*!40000 ALTER TABLE `comment` ENABLE KEYS */;
UNLOCK TABLES;

--
-- Table structure for table `cure`
--

DROP TABLE IF EXISTS `cure`;
/*!40101 SET @saved_cs_client     = @@character_set_client */;
/*!40101 SET character_set_client = utf8 */;
CREATE TABLE `cure` (
  `id` int(11) NOT NULL AUTO_INCREMENT,
  `time` datetime NOT NULL,
  `card_id` varchar(10) DEFAULT NULL,
  `used` tinyint(1) NOT NULL,
  `disqualified` tinyint(1) NOT NULL,
  `player_id` int(11) DEFAULT NULL,
  PRIMARY KEY (`id`),
  UNIQUE KEY `card_id` (`card_id`),
  KEY `cure_player_id_exists` (`player_id`)
) ENGINE=MyISAM DEFAULT CHARSET=utf8;
/*!40101 SET character_set_client = @saved_cs_client */;

--
-- Dumping data for table `cure`
--

LOCK TABLES `cure` WRITE;
/*!40000 ALTER TABLE `cure` DISABLE KEYS */;
/*!40000 ALTER TABLE `cure` ENABLE KEYS */;
UNLOCK TABLES;

--
-- Table structure for table `game`
--

DROP TABLE IF EXISTS `game`;
/*!40101 SET @saved_cs_client     = @@character_set_client */;
/*!40101 SET character_set_client = utf8 */;
CREATE TABLE `game` (
  `id` int(11) NOT NULL AUTO_INCREMENT,
  `started` tinyint(1) DEFAULT NULL,
  `time` datetime DEFAULT NULL,
  PRIMARY KEY (`id`)
) ENGINE=MyISAM AUTO_INCREMENT=3 DEFAULT CHARSET=utf8;
/*!40101 SET character_set_client = @saved_cs_client */;

--
-- Dumping data for table `game`
--

LOCK TABLES `game` WRITE;
/*!40000 ALTER TABLE `game` DISABLE KEYS */;
INSERT INTO `game` VALUES (1,1,'2010-11-01 04:40:58'),(2,0,'2010-11-02 19:01:15');
/*!40000 ALTER TABLE `game` ENABLE KEYS */;
UNLOCK TABLES;

--
-- Table structure for table `player`
--

DROP TABLE IF EXISTS `player`;
/*!40101 SET @saved_cs_client     = @@character_set_client */;
/*!40101 SET character_set_client = utf8 */;
CREATE TABLE `player` (
  `id` int(11) NOT NULL AUTO_INCREMENT,
  `state` enum('human','zombie','inactive','banned') NOT NULL,
  `game_id` varchar(10) DEFAULT NULL,
  `signedin` tinyint(1) NOT NULL,
  `signedin_time` datetime DEFAULT NULL,
  `liability` tinyint(1) NOT NULL DEFAULT '0',
  `safety` tinyint(1) NOT NULL DEFAULT '0',
  `zero` tinyint(1) NOT NULL DEFAULT '0',
  `child_name` varchar(255) DEFAULT NULL,
  PRIMARY KEY (`id`),
  UNIQUE KEY `game_id` (`game_id`)
) ENGINE=MyISAM AUTO_INCREMENT=199 DEFAULT CHARSET=utf8;
/*!40101 SET character_set_client = @saved_cs_client */;

--
-- Dumping data for table `player`
--

LOCK TABLES `player` WRITE;
/*!40000 ALTER TABLE `player` DISABLE KEYS */;
INSERT INTO `player` VALUES (11,'zombie','H961f83b5Z',1,'2010-11-01 10:40:55',1,1,0,NULL),(12,'human','Hc5ab2135Z',1,'2010-11-01 12:36:55',1,1,0,NULL),(13,'human','H4c3d7c3eZ',1,'2010-11-01 12:12:47',1,1,0,NULL),(15,'zombie','H38e6371fZ',1,'2010-11-01 07:04:23',1,1,1,NULL),(17,'human','Hb0f9a15fZ',1,'2010-11-01 13:03:52',1,1,0,NULL),(18,'zombie','H297f91d2Z',1,'2010-11-01 11:27:37',1,1,0,NULL),(20,'human','H10ee9bedZ',1,'2010-11-01 13:39:37',1,1,0,NULL),(21,'human','Hbda4856aZ',1,'2010-11-01 14:33:00',1,1,0,NULL),(22,'zombie','H68ba7bc9Z',1,'2010-11-01 13:58:09',1,1,0,NULL),(23,'zombie','Hc82222a5Z',1,'2010-11-01 13:02:02',1,1,0,NULL),(24,'zombie','Hc645b01dZ',1,'2010-11-01 15:40:08',1,1,0,NULL),(26,'zombie','H07a87354Z',1,'2010-11-01 12:51:14',1,1,0,NULL),(28,'human','He6ce62baZ',1,'2010-11-01 13:06:46',1,1,0,NULL),(29,'zombie','Heb3e2701Z',1,'2010-11-01 13:50:19',1,1,0,NULL),(31,'zombie','Hf0bb98f1Z',1,'2010-11-01 12:40:14',1,1,0,NULL),(32,'zombie','Haf23e137Z',1,'2010-11-01 16:05:25',1,1,0,NULL),(33,'zombie','Hc29570d1Z',1,'2010-11-01 09:51:55',1,1,0,NULL),(34,'zombie','H0585b1afZ',1,'2010-11-01 11:04:02',1,1,0,NULL),(35,'zombie','H3b8b9ad3Z',1,'2010-11-01 12:31:49',1,1,0,NULL),(36,'zombie','Haf95ef9dZ',1,'2010-11-01 12:27:33',1,1,0,NULL),(37,'zombie','H03d8bbcbZ',1,'2010-11-01 13:26:16',1,1,0,NULL),(38,'zombie','Hae20599fZ',1,'2010-11-01 09:58:47',1,1,0,NULL),(39,'zombie','H55c4e3ceZ',1,'2010-11-01 12:49:00',1,1,0,NULL),(40,'human','H10215d09Z',1,'2010-11-01 11:09:51',1,1,0,NULL),(41,'human','H0bad8f7bZ',1,'2010-11-01 09:50:21',1,1,0,NULL),(42,'zombie','H4f5c5b8bZ',1,'2010-11-01 13:14:08',1,1,0,NULL),(44,'zombie','Hafaa69d3Z',1,'2010-11-01 15:33:44',1,1,0,NULL),(45,'zombie','Haa692156Z',1,'2010-11-01 09:44:45',1,1,0,NULL),(47,'human','Hf9b064d7Z',1,'2010-11-01 12:15:29',1,1,0,NULL),(50,'zombie','H07cdd13aZ',1,'2010-11-01 16:44:25',1,1,0,NULL),(51,'zombie','H97503ae4Z',1,'2010-11-01 16:07:32',1,1,0,NULL),(52,'human','Hab4904ceZ',1,'2010-11-01 16:58:32',1,1,0,NULL),(53,'human','H275ec021Z',1,'2010-11-01 09:57:41',1,1,0,NULL),(54,'human','He3bc44f1Z',1,'2010-11-01 09:56:39',1,1,0,NULL),(57,'human','H20fc2fd4Z',1,'2010-11-01 14:26:30',1,1,0,NULL),(58,'zombie','H768dbcdcZ',1,'2010-11-01 17:34:27',1,1,0,NULL),(59,'zombie','H61ced421Z',1,'2010-11-01 14:53:02',1,1,0,NULL),(60,'human','H04b632a0Z',1,'2010-11-01 12:43:12',1,1,0,NULL),(61,'human','Hfd448c19Z',1,'2010-11-01 16:01:28',1,1,0,NULL),(62,'human','H326f6659Z',1,'2010-11-02 09:57:17',1,1,0,NULL),(63,'zombie','H8e6a6c96Z',1,'2010-11-01 11:33:32',1,1,0,NULL),(64,'zombie','H333c4194Z',1,'2010-11-01 11:35:57',1,1,0,NULL),(65,'zombie','H94b81cbaZ',1,'2010-11-01 14:19:04',1,1,0,NULL),(66,'human','H46fa704aZ',1,'2010-11-01 12:51:52',1,1,0,NULL),(67,'zombie','Ha600a75bZ',1,'2010-11-01 15:08:59',1,1,0,NULL),(68,'zombie','H465962cdZ',1,'2010-11-01 11:11:48',1,1,0,NULL),(69,'human','Hd355d5d4Z',1,'2010-11-01 11:31:52',1,1,0,NULL),(71,'human','H9ce301f8Z',1,'2010-11-01 11:25:45',1,1,0,NULL),(72,'zombie','Hf2082010Z',1,'2010-11-01 12:39:14',1,1,0,NULL),(73,'zombie','H2df865caZ',1,'2010-11-01 11:38:39',1,1,0,NULL),(75,'zombie','H989db170Z',1,'2010-11-01 14:04:29',1,1,0,NULL),(76,'zombie','H9f722a22Z',1,'2010-11-01 17:25:41',1,1,0,NULL),(77,'human','H6d7b963dZ',1,'2010-11-01 12:38:22',1,1,0,NULL),(78,'human','Hd5546b5bZ',1,'2010-11-01 11:28:36',1,1,0,NULL),(79,'zombie','Hd739e771Z',1,'2010-11-01 12:29:18',1,1,0,NULL),(80,'zombie','H75a091a0Z',1,'2010-11-01 12:24:29',1,1,0,NULL),(86,'zombie','H5543c811Z',1,'2010-11-01 14:21:16',1,1,0,NULL),(88,'human','He41e06d8Z',1,'2010-11-01 12:49:40',1,1,0,NULL),(89,'zombie','H26ee364dZ',1,'2010-11-01 12:46:17',1,1,0,NULL),(90,'zombie','H185d9362Z',1,'2010-11-01 10:18:36',1,1,0,NULL),(91,'zombie','H8ca3ebf0Z',1,'2010-11-01 09:42:08',1,1,0,NULL),(92,'zombie','H83666099Z',1,'2010-11-01 12:26:07',1,1,0,NULL),(94,'zombie','H513d98e2Z',1,'2010-11-02 11:59:59',1,1,0,NULL),(96,'zombie','H7c2be4bdZ',1,'2010-11-01 13:04:31',1,1,0,NULL),(97,'human','Hf3752465Z',1,'2010-11-01 13:05:43',1,1,0,NULL),(98,'human','H565bb480Z',1,'2010-11-01 09:46:06',1,1,0,NULL),(99,'human','Hf9c457d5Z',1,'2010-11-02 14:15:13',1,1,0,NULL),(100,'human','He75d2ebdZ',1,'2010-11-01 09:43:43',1,1,0,NULL),(101,'zombie','He97d0194Z',1,'2010-11-01 09:45:37',1,1,0,NULL),(103,'zombie','Hbebdbdb3Z',1,'2010-11-01 14:04:22',1,1,0,NULL),(105,'zombie','H9041108cZ',1,'2010-11-01 12:23:44',1,1,0,NULL),(106,'zombie','H49828d8bZ',1,'2010-10-02 15:00:00',1,1,0,NULL),(107,'human','Hc7beb06eZ',1,'2010-11-01 13:17:36',1,1,0,NULL),(108,'zombie','H8699e31bZ',1,'2010-11-01 13:21:28',1,1,0,NULL),(110,'zombie','Hf69f8f30Z',1,'2010-11-01 09:52:29',1,1,0,NULL),(111,'zombie','Hbeb0cb95Z',1,'2010-11-01 12:22:55',1,1,0,NULL),(112,'human','Hb4672181Z',1,'2010-11-01 13:32:31',1,1,0,NULL),(113,'zombie','H84f61d01Z',1,'2010-11-01 09:48:06',1,1,0,NULL),(114,'human','H8ae6d0e9Z',1,'2010-11-01 09:46:40',1,1,0,NULL),(116,'zombie','H9e5360d9Z',1,'2010-11-01 11:15:05',1,1,0,NULL),(117,'human','H9cd75f64Z',1,'2010-11-01 12:51:54',1,1,0,NULL),(119,'human','H6a005f77Z',1,'2010-11-01 14:26:57',1,1,0,NULL),(120,'human','Hf2ef85feZ',1,'2010-11-02 15:52:35',1,1,0,NULL),(121,'zombie','H33ba66d0Z',1,'2010-11-01 12:33:39',1,1,0,NULL),(122,'human','Hcd02f96cZ',1,'2010-11-01 15:23:19',1,1,0,NULL),(123,'zombie','H046a69a9Z',1,'2010-11-01 11:30:45',1,1,0,NULL),(124,'human','H4f21cc27Z',1,'2010-11-01 13:23:41',1,1,0,NULL),(125,'zombie','H0c2e6dd0Z',1,'2010-11-01 11:30:50',1,1,0,NULL),(126,'human','H0279322eZ',1,'2010-11-01 15:52:49',1,1,0,NULL),(8,'zombie','Hb082363bZ',1,'2010-10-30 07:25:33',1,1,0,NULL),(130,'zombie','H0e514b53Z',1,'2010-11-02 13:01:21',1,1,0,NULL),(132,'zombie','H538ceeb8Z',1,'2010-11-01 11:29:44',1,1,0,NULL),(133,'human','H1da416c9Z',1,'2010-11-01 11:36:27',1,1,0,NULL),(134,'zombie','H7724fbe2Z',1,'2010-11-01 11:29:51',1,1,0,NULL),(135,'zombie','H25cee925Z',1,'2010-11-01 11:37:04',1,1,0,NULL),(136,'zombie','H33933a50Z',1,'2010-11-01 11:37:54',1,1,0,NULL),(137,'zombie','H95a6b352Z',1,'2010-11-01 12:26:52',1,1,0,NULL),(138,'zombie','H35d6e5b5Z',1,'2010-11-01 12:25:57',1,1,0,NULL),(139,'human','H2c0d797fZ',1,'2010-11-01 12:42:12',1,1,0,NULL),(140,'zombie','Hd9b988e6Z',1,'2010-11-01 12:12:05',1,1,0,NULL),(141,'human','H91cebb32Z',1,'2010-11-01 12:43:19',1,1,0,NULL),(142,'human','Hed73f185Z',1,'2010-11-01 13:09:33',1,1,0,NULL),(143,'human','H816028feZ',1,'2010-11-01 13:12:16',1,1,0,NULL),(144,'zombie','Ha0e41ffeZ',1,'2010-11-01 13:11:44',1,1,0,NULL),(145,'zombie','H9c89c60bZ',1,'2010-11-02 17:18:23',1,1,0,NULL),(147,'human','Head0a9e6Z',1,'2010-11-01 13:31:12',1,1,0,NULL),(148,'zombie','H27602d2bZ',1,'2010-11-01 13:37:21',1,1,0,NULL),(149,'zombie','H8878652bZ',1,'2010-11-01 13:43:06',1,1,0,NULL),(151,'human','Haa2f086bZ',1,'2010-11-01 14:12:06',1,1,0,NULL),(152,'human','H5e530c5fZ',1,'2010-11-01 14:15:13',1,1,0,NULL),(153,'zombie','H16df89d0Z',1,'2010-11-01 14:17:57',1,1,0,NULL),(154,'human','H6d426e13Z',1,'2010-11-01 14:23:35',1,1,0,NULL),(185,'human','Hb7a6a924Z',1,'2010-11-02 16:00:00',1,1,0,NULL),(156,'human','H5c6e2331Z',1,'2010-11-01 15:14:46',1,1,0,NULL),(157,'zombie','Ha8f39830Z',1,'2010-11-01 14:58:31',1,1,0,NULL),(158,'zombie','H25bc9201Z',1,'2010-11-01 15:06:20',1,1,0,NULL),(159,'zombie','Hc886c09eZ',1,'2010-11-01 15:47:02',1,1,0,NULL),(160,'zombie','H7b5f02d6Z',1,'2010-11-01 15:57:51',1,1,0,NULL),(161,'zombie','Hc1df84b2Z',1,'2010-11-02 13:01:33',1,1,0,NULL),(162,'human','H9a29a2d0Z',1,'2010-11-01 16:04:52',1,1,0,NULL),(163,'zombie','Hff3ef573Z',1,'2010-11-01 16:38:41',1,1,0,NULL),(164,'zombie','H9cdf9893Z',1,'2010-11-01 16:52:37',1,1,0,NULL),(165,'zombie','H73513f73Z',1,'2010-11-01 17:02:06',1,1,0,NULL),(166,'human','Hebc13d39Z',1,'2010-11-01 17:20:10',1,1,0,NULL),(167,'zombie','H6967e2d4Z',1,'2010-11-01 17:30:44',1,1,0,NULL),(168,'zombie','H0506e1e4Z',1,'2010-11-01 17:35:08',1,1,0,NULL),(170,'human','He4927985Z',1,'2010-11-02 11:39:36',1,1,0,NULL),(171,'zombie','H33920791Z',1,'2010-11-02 11:30:29',1,1,0,NULL),(172,'human','Hdc80f22dZ',1,'2010-11-02 10:38:52',1,1,0,NULL),(173,'zombie','H339c9ffdZ',1,'2010-11-02 11:26:37',1,1,0,NULL),(184,'human','H1a074394Z',1,'2010-11-02 16:00:00',1,1,0,NULL),(175,'zombie','H72d3c351Z',1,'2010-11-02 08:21:23',1,1,0,NULL),(176,'zombie','Hc0a3cbbfZ',1,'2010-11-02 11:28:06',1,1,0,NULL),(179,'zombie','Hb422b296Z',1,'2010-11-02 14:05:27',1,1,0,NULL),(180,'zombie','H9d2cea04Z',1,'2010-11-02 17:19:59',1,1,0,NULL),(181,'human','H567a318dZ',1,'2010-11-02 14:13:04',1,1,0,NULL),(182,'zombie','Hce3a1546Z',1,'2010-11-02 14:19:06',1,1,0,NULL),(183,'zombie','H3452ea50Z',1,'2010-11-02 14:24:01',1,1,0,NULL),(190,'human','H91124020Z',1,'2010-11-02 16:20:23',1,1,0,NULL),(186,'human','Hf9f44368Z',1,'2010-11-02 15:46:00',1,1,0,NULL),(187,'zombie','Hdaa083b2Z',1,'2010-11-02 15:38:44',1,1,0,NULL),(188,'zombie','H9c8d364dZ',1,'2010-11-02 14:54:21',1,1,0,NULL),(177,'zombie','H34d06f74Z',1,'2010-11-01 16:40:03',1,1,0,NULL),(191,'human','H205c271aZ',1,'2010-11-02 15:33:24',1,1,0,NULL),(192,'zombie','H9e9badb9Z',1,'2010-11-02 19:09:08',1,1,0,NULL),(194,'zombie','H3cc3f871Z',1,'2010-11-02 16:10:05',1,1,0,NULL),(198,'zombie','Hc87f9dc0Z',1,'2010-11-02 17:37:50',1,1,0,NULL),(196,'zombie','H63590d66Z',1,'2010-11-02 16:20:23',1,1,0,NULL),(197,'zombie','Hb2a12855Z',1,'2010-11-02 16:30:22',1,1,0,NULL);
/*!40000 ALTER TABLE `player` ENABLE KEYS */;
UNLOCK TABLES;

--
-- Table structure for table `post`
--

DROP TABLE IF EXISTS `post`;
/*!40101 SET @saved_cs_client     = @@character_set_client */;
/*!40101 SET character_set_client = utf8 */;
CREATE TABLE `post` (
  `id` int(11) NOT NULL AUTO_INCREMENT,
  `time` datetime NOT NULL,
  `title_e` text,
  `title_f` text,
  `content_e` text,
  `content_f` text,
  `allow_comments` tinyint(1) NOT NULL,
  PRIMARY KEY (`id`)
) ENGINE=MyISAM AUTO_INCREMENT=9 DEFAULT CHARSET=utf8;
/*!40101 SET character_set_client = @saved_cs_client */;

--
-- Dumping data for table `post`
--

LOCK TABLES `post` WRITE;
/*!40000 ALTER TABLE `post` DISABLE KEYS */;
INSERT INTO `post` VALUES (1,'2010-10-10 10:10:10','Home','Accueil','##What is HvsI?##\r\nHumans vs Infected is a week-long game of zombie-themed tag played at the University of Ottawa. Go to [Missions](/missions) for the week\'s schedule and **prizes to be won**. Go to [Rules](/rules) to learn how to play. Registrations for HvsI 2010 are now closed.\r\n\r\n###T-shirts are 5$ at CBY and Café Alt.###\r\nMasque-rave tickets soon available!\r\n\r\nEmail [president@hvsi.ca](mailto:president@hvsi.ca) with questions involving the event or [issues@hvsi.ca](mailto:issues@hvsi.ca) for any website related inquiries.','##C\'est quoi HvsI?##\r\nHumains vs Infectés est un jeu de tag-zombie joué à l\'Université d\'Ottawa. Allez à [Missions](/missions) pour l\'horaire des événements et les **prix à gagner**. Allez à [Règlements](/rules) pour apprendre à jouer. Les inscriptions pour HvsI 2010 sont maintenant fermées.\r\n\r\n###T-shirts disponibles à CBY et au Café Alt pour 5$.###\r\nBillets pour Masque-rave bientôt disponibles!\r\n\r\nContactez [president@hvsi.ca](mailto:president@hvsi.ca) avec des questions sur l\'événement ou [issues@hvsi.ca](mailto:issues@hvsi.ca) avec des questions sur le site web.',0),(2,'2010-10-20 13:46:49','Missions and Prizes','Missions et prix','## General Missions\r\n**Last Human Alive:** Survive the week and win the Ultimate Challenge and win a __PlayStation 3.__\r\n\r\n**Most Tags:** Tag the most number of Humans and win an __XBOX 360.__\r\n\r\n**Best Recorded Tag:** The best tag video gets you an __iPod Touch.__\r\n\r\n**Most Socks:** Collect the most HvsI sock bracelets and win an __iPod Nano.__\r\n\r\n**Bounties:** Several campus celebrities, whose names we will release when the time is right, have had bounties placed on their heads. Tag a celebrity and win a __50$ gift certificate at EB Games.__\r\n\r\n**Picture List:** Take pictures of yourself in your HvsI t-shirt [all around Ottawa](/pdf/photo_list_e.pdf). The person with the most points wins a __100$ tab at Café Nostalgica.__\r\n\r\n**Farthest Tag:** Tag a Human the farthest from campus and each of you wins a __50$ tab at 1848.__ Last year, [someone was tagged in Tremblant!](http://youtu.be/FCLdK09m5wo)\r\n\r\n**Best videolog:** The best participant video survival log gets you a __30$ Future Shop gift certificate.__\r\n\r\n**Survivor:** The first 10 Humans to arrive at the bar on Friday night win a popular __Zombie movie.__\r\n\r\n## Events\r\n**Rescue the Scientist:** Humans and Military must rescue the Scientist, held captive by Zombies. Each member of the winning side gets 5 bracelets.\r\n\r\n- *Location:* TBT Lawn\r\n- *Time:* Tuesday @ 6PM\r\n\r\n**Military Containment:** The Military protects socks by firing Nerf guns at Zombies. If Zombies or Humans get to the socks stash unharmed, they gain 10 bracelets.\r\n\r\n- *Location:* TBT lawn\r\n- *Time:* Wednesday @ 1PM\r\n\r\n**Amazing Race:** Starting from the University Centre, a horde of Zombies is chasing you around the city. Your survival depends on your ability to complete challenges to find 20 of bracelets to defend yourself.\r\n\r\n- *Location:* Announced the day of\r\n- *Time:* Thursday @ 11:30AM\r\n\r\n**Thrill the Mall:** Zombies invade the Rideau Centre and perform the Thriller dance. Participants gain 5 bracelets.\r\n\r\n- *Location:* UCU Agora\r\n- *Time:* Friday @ 5:30PM\r\n\r\n**Ultimate Challenge:** The final challenge awaits you at the after party. Come show off your skills and collect your prizes.\r\n\r\n- *Location:* Parliament Ultraclub\r\n- *Time:* Friday @ 8PM','## Missions Générales\r\n**Dernier Humain en Vie:** Parvient à survivre la semaine et gagner le Défi Ultime et tu gagnes un __PlayStation 3.__\r\n\r\n**Le plus de tags:** Tag le plus grand nombre d\'Humains et gagne un __XBOX 360.__\r\n\r\n**Meilleur tag filmé:** Le meilleur vidéo d\'un tag gagnera un __Ipod Touch.__\r\n\r\n**Le plus de bas:** Collectionne le plus grand nombre de bracelets à bas HvsI et tu gagnes un __Ipod Nano.__\r\n\r\n**Cibles:** Plusieurs célébrités du campus, à qui les noms seront dévoilés pendant la semaine, seront ciblés. Tag une célébrité et gagne un __certificat de 50$ à EB Games.__\r\n\r\n**Photos:** Prenez-vous en photos [autour d\'Ottawa](/pdf/photo_list_f.pdf) avec votre t-shirt HvsI. La personne avec le plus de points gagnera un __certificat cadeau de 100$ au Café Nostalgica.__\r\n\r\n**Tag le plus éloigné:** Tag un Humain le plus loin du campus et vous gagnez les deux un __certificat cadeau de 50$ au 1848.__ [L\'an passé, quelqu\'un s\'est fait taggé à Tremblant!](http://youtu.be/FCLdK09m5wo)\r\n\r\n**Meilleur log vidéo:** Le meilleur vidéo de l\'aventure de survie d\'un participant gagnera un __certificat cadeau de 30$ au Future Shop.__\r\n\r\n**Survivant:** Les premiers 10 Humains à arriver au bar vendredi soir gagneront un __filme de zombie populaire.__\r\n\r\n## Événements\r\n**Sauver le scientifique:** Les Humains et Militaires doivent secourir le scientifique, captif des Zombies. Chaque participant de l\'équipe gagnante gagne 5 bracelets.\r\n\r\n- *Où:* Terrasse TBT\r\n- *Quand?:* Mardi à 18h\r\n\r\n**Confinement militaire:** Les Militaires protègent une pile de bas en tirant des Zombies avec des fusils Nerf. Si un Humain ou Zombie atteint les bas, il gagne 10 bracelets.\r\n\r\n- *Où:* Terrasse TBT\r\n- *Quand:* Mercredi à 13h\r\n\r\n**Course incroyable:** Débutant au centre universitaire, tu dois te sauver des Zombies the chassant autour de la ville. Ta survie dépend de ta capacité d\'accomplir des épreuves afin de trouver 20 bracelets pour te défendre.\r\n\r\n- *Où:* Annoncé la journée même\r\n- *Quand?:* Jeudi à 11h30\r\n\r\n**Invasion du Centre Rideau:** Les Zombies envahissent le centre Rideau pour performer la dance de Thriller. Chaque participant gagne 5 bracelets.\r\n\r\n- *Où:* Agora UCU\r\n- *Quand?:* Vendredi à 17h30\r\n\r\n**Défi Ultime:** Le défi ultime entre les derniers Humains prend place au party de clôture. Démontrez vos talents et acceptez vos prix.\r\n\r\n- *Où:* Parliament Ultraclub\r\n- *Quand?:* Vendredi à 20h',1),(3,'2010-10-20 13:51:41','Party','Party','The closing ceremonies will be held at the [Parliament Ultraclub](http://www.facebook.com/event.php?eid=147647435280401) on November 5th and will start at 8PM.\r\n\r\nYou\'ll want to be there to see the last Humans compete in a series of challenges that will see only one lucky winner: The Last Human Alive!\r\n\r\nThis is also where we will be awarding prizes for the week\'s missions.\r\n\r\nStarting at 10PM is Masque-rave, THE headphone disco event of the year. Here\'s some info about that:\r\n\r\nGet ready for the event of the semester! The PIDSSA, the Faculty of Science, Economics, Psychology, Criminology and Humans VS Infected present the 2nd annual Masque-rave semi-formal on November 5th (Location: Parliament Ultraclub). Don\'t miss out on the chance to party with your friends across campus for a great cause as it is also the Movember kick off! This event will sell-out so buy your ticket at the PIDSSA or Crim office, or online at boutique.pidssa.ca starting October 19th for $5 in advance or $7 at the door. This will also be a Headphone Disco event, so remember to mark your calendars.\r\n\r\n19+ Event\r\n\r\nEmail [president@hvsi.ca](mailto:president@hvsi.ca) if you\'re under 19 and would like to attend the closing ceremonies.','La cérémonie de clôture aura lieue au [Parliament Ultraclub](http://www.facebook.com/event.php?eid=147647435280401) le 5 novembre à 20h.\r\n\r\nVous allez voir les derniers Humains lutter l\'un contre l\'autre épreuve après épreuve jusqu\'à ce qu\'il n\'y ait qu\'un(e) gagnant(e): Le Dernier Humain en Vie!\r\n\r\nC\'est à ce point que nous allons offrir les prix aux gagnants des missions.\r\n\r\nÀ partir de 22h, c\'est Masque-rave, l\'événement Headphone Disco à ne pas manquer. Voici plus de renseignements:\r\n\r\nÊtes-vous prêts et prêtes pour l’événement de la session? L’AÉÉPID, la Faculté de sciences, Sciences économiques, Psychologie, Criminologie et HVSI, vous présentent le 2e Masque-rave le 5 novembre prochain. L\'évènement se déroulera encore au Parliament Ultraclub. Ne manquez pas la chance de pouvoir faire la fête avec vos amis d’un côté à l’autre du campus. C’est aussi la date du lancement de la campagne de Movember. L’évènement se remplira rapidement, donc acheter vos billets aussi tôt que possible au bureau de l’AÉÉPID ou Crim, ou en ligne à boutique.pidssa.ca dès le 19 octobre. Le coût est de 5$ à l’avance et de 7$ à la porte. Ce sera aussi un évènement « Headphone Disco » qui vous permet de faire le choix des chansons à l’aide de vos écouteurs! Alors, mettez-le à votre agenda dès maintenant.\r\n\r\nÉvènement 19+\r\n\r\nContactez [president@hvsi.ca](mailto:president@hvsi.ca) si vous avez moins de 19 ans et voulez assister aux cérémonies de clôture.',1),(4,'2010-10-20 13:52:54','Rules','Règlements','**Every participant must read the rules before the game**\r\n\r\n**What\'s a tag?** A tag is a respectful touch by a Zombie\'s hand to a Human\'s body\r\n\r\n**Armband:** All participants must prominently display the appropriately coloured armband (provided) on their arm at all times during the game.\r\n\r\n**Safe Zones:** Zombies cannot tag Humans while they are in safe zones. The game is frozen for 30 seconds after a Human leaves a safe zone. The following areas are designated safe zones:\r\n\r\n- Bathrooms\r\n- Any Office (eg: Prof, Peer Help Center, Protection, dentist, etc.)\r\n- Classrooms\r\n- Quiet Study Rooms and Library\r\n- SITE + UCU Cafeterias (where you buy food, not the eating area)\r\n- Tape-delimited areas around check-in tables (CBY, UCU, Café Alt)\r\n- 1848\r\n\r\n**Boundaries:** The game has no geographical boundaries. Extra points for a tag in another country!\r\n\r\n### Human Rules\r\n\r\n**Game Card:** Humans must keep their game card (provided) on them at all times.\r\n\r\n**Check Ins:** Humans must physically check in at a check-in location twice a day, between 8:30 and 5:30, with at least 4 hours between check-ins. Failure to do this will result in becoming a Zombie.  [Participants can check-in online once during the week.](/webcheckin)\r\n\r\n**Check-in Locations:** CBY basement, SFUO office, Café Alt from 8:30AM to 5:30PM\r\n\r\n**Tagged By a Zombie:** When tagged by a Zombie, a Human is required to give the Zombie their game card. You automatically become a Zombie when the Zombie reports the tag, but you can only start tagging once you\'ve exchanged your white armband for a green one at a check-in location (SFUO office excluded).\r\n\r\n**Stunning a Zombie:** You can throw/wield an official HvsI sock (your own CLEAN sock wrapped in a provided bracelet) at a Zombie to freeze them for 2 minutes. The Zombie keeps the sock.\r\n\r\n### Zombie Rules\r\n\r\n**Tagging:** When a Zombie tags a Human, the Zombie must take their victim\'s game card and report the tag asap using one of the following methods:\r\n\r\n- Email tag@HvsI.ca with the victim\'s game ID as the subject and using the email address used in registration\r\n- Tweet the victim\'s game ID with the #HvsI hashtag (using the twitter account in your profile)\r\n- In person at a check-in location\r\n- Online at www.HvsI.ca by entering the victim\'s game ID in the \"Register a Tag\" box in the sidebar\r\n\r\n**Getting Stunned:** When hit with an official sock by a Human (Or a Nerf gun dart from Military), a Zombie is stunned for 2 minutes. A stunned zombie can move but may not interact with the game in any way. This includes shielding other zombies from socks or following a human. The Zombie keeps the sock.','**Chaque participant doit lire les reglements avant de jouer**\r\n\r\n**Qu\'est-ce qu\'un tag?** Un tag est quand la main d\'un Zombie touche le corps d\'un Humain de façon respectueuse.\r\n\r\n**Brassard:** Tous les participants doivent porter le brassard de la couleur appropriée (fourni) sur leurs bras en tout temps.\r\n\r\n**Zones sécures:** Un Zombie ne peut pas tagger un Humain dans une zone sécure. L\'Humain est sécure pour 30 secondes après qu\'il ait quitté une zone sécure. Les endroits suivants sont considérées des zones sécures:\r\n\r\n- Salles de bain\r\n- Tout bureau (ex: prof, centre d\'aide, protection, dentiste, etc.)\r\n- Salles de classe\r\n- Salles d\'étude tranquilles et bibliothèque\r\n- Cafétérias de SITE et UCU (où ils vendent la bouffe, pas là où tu manges)\r\n- Zones délimitées autour des tables d\'enregistrement (CBY, FÉUO, Café Alt)\r\n- 1848\r\n\r\n**Limites:** Le jeu n\'a aucune limite géographique. Points d\'extra pour un tag dans un autre pays!\r\n\r\n### Règlements Humains\r\n\r\n**Carte de jeu:** Un Humain doit garder sa carte de jeu (fournie) sur soi en tout temps.\r\n\r\n**Renouvellement:** Un Humain doit se présenter à une table d\'enregistrement 2 fois par jour, entre 8h30 et 17h30, avec au moins 4 heures d\'intervalle. Faire autrement transformera l\'Humain en Zombie. [Un seul renouvellement en ligne est permis.](/webcheckin)\r\n\r\n**Tables d\'enregistrement:** Sous-sol CBY, bureau FÉUO, Café Alt de 9h à 17h.\r\n\r\n**Taggé par un Zombie:** Une fois tagué par un Zombie, un Humain doit lui donner sa carte de jeu. L\'Humain devient automatiquement Zombie mais peut seulement tagger une fois son brassard blanc échangé pour un vert à une table d\'enregistrement (sauf FÉUO).\r\n\r\n**Geler un Zombie:** Un Humain peut geler un Zombie pour 2 minutes en lui lançant un bas HvsI (un bas PROPRE que vous avez entouré avec un bracelet fourni). Le Zombie garde le bas.\r\n\r\n### Règlements Zombie\r\n\r\n**Tagger:** Quand un Zombie tag un Humain, le Zombie doit prendre la carte de jeu de la victime et reporter le tag aussitôt que possible en utilisant l\'une des méthodes suivantes:\r\n-Envoyer un courriel à tag@HvsI.ca avec l\'ID de jeu de la victime avec le courriel utilisé pour s\'enregistrer au jeu.\r\n\r\n- Tweeter l\'ID de jeu de la victime avec le hashtag #HvsI\r\n- Reporter le tag en personne à une table d\'enregistrement\r\n- En ligne à www.HvsI.ca en entrant l\'ID de jeu de la victime dans la boîte \"Enregistrer un tag\"\r\n\r\n**Se faire gelé:** Un Zombie frappé par un bas officiel (ou un dart Nerf tiré par un Militaire) est gelé pour 2 minutes. Un Zombie gelé peut bouger mais ne peut pas intéragir avec le jeu d\'aucune façon. Ceci comprends continuer de courir vers un Humain. Le Zombie garde le bas.',1),(6,'2010-10-20 13:53:55','New website','Nouveau site web','Welcome to the new HvsI website! It has been redesigned from the ground up so that you can easily access your stats in the sidebar at any given time.','Bienvenue au nouveau site d\'HvsI! Nous l\'avons complètement reconstruit afin de vous permettre d\'accéder à vos informations personnelles en tout temps.',1),(7,'2010-10-30 10:50:10','Pick up your kits','Obtenez vos trousses','Pick up your kit at Café Alt or CBY Well on Monday (free) or Tuesday (5$) from 8:30-5:30. Your kit includes a white armband, sock bracelets and a game card.','Obtenez vos trousses au Café Alt ou au puit de CBY lundi (gratuit) ou mardi (5$) de 8h30-17h30. Votre trousse contient un brassard blanc, des bracelets et votre carte de jeu.',1),(8,'2010-11-02 21:13:00','Military Containment','Confinement Militaire','Wednesday, 1PM at TBT Lawn is Military Containment, where the Military protects socks by firing Nerf guns at Zombies. If Zombies or Humans get to the socks stash unharmed, they gain 10 bracelets.\r\n\r\nMore bracelets means a chance to win an iPod Nano for Zombies and higher chances of survival for Humans! See [Missions](/missions) for details.','Mercredi, 13h à la terrasse de TBT, les Militaires protègent une pile de bas en tirant des Zombies avec des fusils Nerf. Si un Humain ou Zombie atteint les bas, il gagne 10 bracelets.\r\n\r\nPlus de bracelets signifie une chance de gagner un iPod Nano pour les Zombies et de plus grandes chances de survie pour les Humains! Voir [Missions](/missions) pour plus de renseignements.',1),(5,'2010-10-20 13:53:55','Station Operations','Who Cares?','[Schedule](https://spreadsheets.google.com/ccc?key=0Aj8IEnTsCzLmdDJPMEtNZ2pTU181OWtnV1RpTm82ckE&hl=en&authkey=CIP_77UL)\r\n\r\n**Players must wear armbands at <span style=\"font-size: 1.4em\">all</span> times. Remember to read the rules!**\r\n\r\n1. There are 2 \"table kits\" containing: a laptop, sock bracelets,\r\n   t-shirts, armbands, blank business cards and a cashbox + sales sheet.\r\n2. One kit will be in the ESS office (ask Dimitrie) and the other in HvsI storage (ask JP).\r\n3. The first person takes the kit @8:30, last person brings it back\r\n   @5:30.\r\n4. The laptops will be permanently signed in, so don\'t sign out!\r\n5. Sales: T-shirts 5$, Masque-rave tickets 5$. Write down sales on sheet\r\n9. Always try to arrive a bit early, the person before you might have to\r\n   leave for class. If you can\'t make a shift, get someone to do it for you.\r\n10. If the person after you is late and you have to leave, temporarily\r\n   return the kit to the ESS/SFUO/Arts office.','Who really fucking cares?',0);
/*!40000 ALTER TABLE `post` ENABLE KEYS */;
UNLOCK TABLES;

--
-- Table structure for table `score`
--

DROP TABLE IF EXISTS `score`;
/*!40101 SET @saved_cs_client     = @@character_set_client */;
/*!40101 SET character_set_client = utf8 */;
CREATE TABLE `score` (
  `id` int(11) NOT NULL AUTO_INCREMENT,
  `player_id` int(11) DEFAULT NULL,
  `kills` int(11) DEFAULT NULL,
  PRIMARY KEY (`id`),
  KEY `score_player_id_exists` (`player_id`)
) ENGINE=MyISAM AUTO_INCREMENT=65 DEFAULT CHARSET=latin1;
/*!40101 SET character_set_client = @saved_cs_client */;

--
-- Dumping data for table `score`
--

LOCK TABLES `score` WRITE;
/*!40000 ALTER TABLE `score` DISABLE KEYS */;
INSERT INTO `score` VALUES (1,15,30),(2,18,0),(3,22,0),(4,24,0),(5,29,0),(6,31,0),(7,32,2),(8,33,0),(9,34,1),(10,37,0),(11,38,3),(12,39,1),(13,42,2),(14,45,1),(15,51,0),(16,58,0),(17,59,2),(18,64,1),(19,65,0),(20,67,0),(21,73,0),(22,79,0),(23,80,0),(24,86,0),(25,89,0),(26,92,2),(27,94,0),(28,101,0),(29,103,4),(30,121,0),(31,123,0),(32,132,5),(33,134,6),(34,135,0),(35,136,0),(36,137,0),(37,140,0),(38,145,0),(39,148,4),(40,153,0),(41,157,0),(42,158,0),(43,163,0),(44,164,0),(45,165,2),(46,167,0),(47,168,0),(48,171,1),(49,173,0),(50,176,0),(51,179,2),(52,182,1),(53,183,0),(54,187,0),(55,188,1),(56,192,0),(57,198,0),(58,8,17),(59,197,1),(60,23,1),(61,75,1),(62,177,1),(63,11,1),(64,194,2);
/*!40000 ALTER TABLE `score` ENABLE KEYS */;
UNLOCK TABLES;

--
-- Table structure for table `snapshot`
--

DROP TABLE IF EXISTS `snapshot`;
/*!40101 SET @saved_cs_client     = @@character_set_client */;
/*!40101 SET character_set_client = utf8 */;
CREATE TABLE `snapshot` (
  `id` int(11) NOT NULL AUTO_INCREMENT,
  `time` datetime DEFAULT NULL,
  `num_humans` int(11) DEFAULT NULL,
  `num_zombies` int(11) DEFAULT NULL,
  PRIMARY KEY (`id`)
) ENGINE=MyISAM AUTO_INCREMENT=424 DEFAULT CHARSET=utf8;
/*!40101 SET character_set_client = @saved_cs_client */;

--
-- Dumping data for table `snapshot`
--

LOCK TABLES `snapshot` WRITE;
/*!40000 ALTER TABLE `snapshot` DISABLE KEYS */;
INSERT INTO `snapshot` VALUES (1,'2010-11-01 07:04:23',0,1),(2,'2010-11-01 09:42:08',1,1),(3,'2010-11-01 09:43:43',2,1),(4,'2010-11-01 09:44:45',3,1),(5,'2010-11-01 09:45:37',4,1),(6,'2010-11-01 09:46:06',5,1),(7,'2010-11-01 09:46:40',6,1),(8,'2010-11-01 09:48:06',7,1),(9,'2010-11-01 09:50:21',8,1),(10,'2010-11-01 09:51:55',9,1),(11,'2010-11-01 09:52:29',10,1),(12,'2010-11-01 09:56:39',11,1),(13,'2010-11-01 09:57:41',12,1),(14,'2010-11-01 09:58:47',13,1),(15,'2010-11-01 10:18:36',14,1),(16,'2010-11-01 10:40:55',15,1),(17,'2010-11-01 11:04:02',16,1),(18,'2010-11-01 11:09:51',17,1),(19,'2010-11-01 11:11:48',18,1),(20,'2010-11-01 11:15:05',19,1),(21,'2010-11-01 11:25:45',20,1),(22,'2010-11-01 11:27:37',21,1),(23,'2010-11-01 11:28:36',22,1),(24,'2010-11-01 11:29:44',23,1),(25,'2010-11-01 11:29:51',24,1),(26,'2010-11-01 11:30:45',25,1),(27,'2010-11-01 11:30:50',26,1),(28,'2010-11-01 11:31:52',27,1),(29,'2010-11-01 11:33:32',28,1),(30,'2010-11-01 11:35:57',29,1),(31,'2010-11-01 11:36:27',30,1),(32,'2010-11-01 11:37:04',31,1),(33,'2010-11-01 11:37:54',32,1),(34,'2010-11-01 11:38:39',33,1),(35,'2010-11-01 12:12:05',34,1),(36,'2010-11-01 12:12:47',35,1),(37,'2010-11-01 12:15:29',36,1),(38,'2010-11-01 12:22:55',37,1),(39,'2010-11-01 12:23:44',38,1),(40,'2010-11-01 12:24:29',39,1),(41,'2010-11-01 12:25:57',40,1),(42,'2010-11-01 12:26:07',41,1),(43,'2010-11-01 12:26:52',42,1),(44,'2010-11-01 12:27:33',43,1),(45,'2010-11-01 12:29:18',44,1),(46,'2010-11-01 12:31:49',45,1),(47,'2010-11-01 12:33:39',46,1),(48,'2010-11-01 12:36:55',47,1),(49,'2010-11-01 12:38:22',48,1),(50,'2010-11-01 12:39:14',49,1),(51,'2010-11-01 12:40:14',50,1),(52,'2010-11-01 12:42:12',51,1),(53,'2010-11-01 12:43:12',52,1),(54,'2010-11-01 12:43:19',53,1),(55,'2010-11-01 12:46:17',54,1),(56,'2010-11-01 12:49:00',55,1),(57,'2010-11-01 12:49:40',56,1),(58,'2010-11-01 12:51:14',57,1),(59,'2010-11-01 12:51:52',58,1),(60,'2010-11-01 12:51:52',58,1),(61,'2010-11-01 12:51:54',59,1),(62,'2010-11-01 13:02:02',60,1),(63,'2010-11-01 13:03:52',61,1),(64,'2010-11-01 13:04:31',62,1),(65,'2010-11-01 13:05:43',63,1),(66,'2010-11-01 13:06:46',64,1),(67,'2010-11-01 13:09:33',65,1),(68,'2010-11-01 13:11:44',66,1),(69,'2010-11-01 13:12:16',67,1),(70,'2010-11-01 13:14:08',68,1),(71,'2010-11-01 13:17:36',69,1),(72,'2010-11-01 13:21:28',70,1),(73,'2010-11-01 13:23:41',71,1),(74,'2010-11-01 13:26:16',72,1),(75,'2010-11-01 13:31:12',73,1),(76,'2010-11-01 13:32:31',74,1),(77,'2010-11-01 13:37:21',75,1),(78,'2010-11-01 13:39:37',76,1),(79,'2010-11-01 13:43:06',77,1),(80,'2010-11-01 13:50:19',78,1),(81,'2010-11-01 13:58:09',79,1),(82,'2010-11-01 14:04:22',80,1),(83,'2010-11-01 14:04:29',81,1),(84,'2010-11-01 14:12:06',82,1),(85,'2010-11-01 14:15:13',83,1),(86,'2010-11-01 14:17:57',84,1),(87,'2010-11-01 14:19:04',85,1),(88,'2010-11-01 14:21:16',86,1),(89,'2010-11-01 14:23:35',87,1),(90,'2010-11-01 14:26:30',88,1),(91,'2010-11-01 14:26:57',89,1),(92,'2010-11-01 14:33:00',90,1),(93,'2010-11-01 14:53:02',91,1),(94,'2010-11-01 14:58:31',92,1),(95,'2010-11-01 15:06:20',93,1),(96,'2010-11-01 15:08:59',94,1),(97,'2010-11-01 15:12:25',93,2),(98,'2010-11-01 15:12:41',92,3),(99,'2010-11-01 15:14:46',93,3),(100,'2010-11-01 15:23:19',94,3),(101,'2010-11-01 15:32:26',93,4),(102,'2010-11-01 15:33:44',94,4),(103,'2010-11-01 15:40:08',95,4),(104,'2010-11-01 15:47:02',96,4),(105,'2010-11-01 15:52:49',97,4),(106,'2010-11-01 15:57:51',98,4),(107,'2010-11-01 16:01:28',99,4),(108,'2010-11-01 16:03:25',98,5),(109,'2010-11-01 16:04:52',99,5),(110,'2010-11-01 16:05:25',100,5),(111,'2010-11-01 16:07:32',101,5),(112,'2010-11-01 16:23:17',100,6),(113,'2010-11-01 16:24:01',99,7),(114,'2010-11-01 16:24:31',98,8),(115,'2010-11-01 16:24:52',97,9),(116,'2010-11-01 16:26:29',96,10),(117,'2010-11-01 16:32:49',95,11),(118,'2010-11-01 16:38:41',96,11),(119,'2010-11-01 16:44:25',97,11),(120,'2010-11-01 16:45:35',96,12),(121,'2010-11-01 16:52:37',97,12),(122,'2010-11-01 16:58:32',98,12),(123,'2010-11-01 17:02:06',99,12),(124,'2010-11-01 17:11:19',98,13),(125,'2010-11-01 17:20:10',99,13),(126,'2010-11-01 17:25:41',100,13),(127,'2010-11-01 17:26:52',99,14),(128,'2010-11-01 17:30:44',100,14),(129,'2010-11-01 17:34:27',101,14),(130,'2010-11-01 17:35:08',102,14),(131,'2010-11-01 17:37:26',101,15),(132,'2010-11-01 17:38:56',100,16),(133,'2010-11-01 18:27:33',99,17),(134,'2010-11-01 20:15:35',98,18),(135,'2010-11-01 20:29:33',98,18),(136,'2010-11-02 08:21:01',99,18),(137,'2010-11-02 08:21:08',99,18),(138,'2010-11-02 08:21:23',99,18),(139,'2010-11-02 09:57:10',100,18),(140,'2010-11-02 09:57:17',100,18),(141,'2010-11-02 10:29:47',99,19),(142,'2010-11-02 10:38:44',100,19),(143,'2010-11-02 10:38:52',100,19),(144,'2010-11-02 11:15:46',99,20),(145,'2010-11-02 11:18:27',98,21),(146,'2010-11-02 11:25:52',99,21),(147,'2010-11-02 11:26:37',99,21),(148,'2010-11-02 11:28:01',100,21),(149,'2010-11-02 11:28:06',100,21),(150,'2010-11-02 11:28:54',99,22),(151,'2010-11-02 11:29:18',98,23),(152,'2010-11-02 11:30:29',99,23),(153,'2010-11-02 11:39:36',100,23),(154,'2010-11-02 11:43:27',99,24),(155,'2010-11-02 11:45:26',98,25),(156,'2010-11-02 11:48:38',97,26),(157,'2010-11-02 11:59:19',98,26),(158,'2010-11-02 11:59:59',98,26),(159,'2010-11-02 12:40:58',97,27),(160,'2010-11-02 12:42:31',96,28),(161,'2010-11-02 13:01:21',97,28),(162,'2010-11-02 13:01:33',98,28),(163,'2010-11-02 13:08:35',97,29),(164,'2010-11-02 14:05:17',98,29),(165,'2010-11-02 14:05:27',98,29),(166,'2010-11-02 14:07:42',97,30),(167,'2010-11-02 14:11:18',96,31),(168,'2010-11-02 14:13:04',97,31),(169,'2010-11-02 14:15:05',98,31),(170,'2010-11-02 14:15:13',98,31),(171,'2010-11-02 14:15:17',97,32),(172,'2010-11-02 14:19:06',98,32),(173,'2010-11-02 14:24:01',99,32),(174,'2010-11-02 14:33:36',98,33),(175,'2010-11-02 14:42:45',97,34),(176,'2010-11-02 14:50:46',96,35),(177,'2010-11-02 14:51:43',95,36),(178,'2010-11-02 14:52:09',94,37),(179,'2010-11-02 14:55:13',95,37),(180,'2010-11-02 14:59:26',94,38),(181,'2010-11-02 15:06:07',95,38),(182,'2010-11-02 15:14:54',94,39),(183,'2010-11-02 15:32:02',93,40),(184,'2010-11-02 15:33:24',94,40),(185,'2010-11-02 15:38:44',95,40),(186,'2010-11-02 15:39:26',94,41),(187,'2010-11-02 15:46:00',95,41),(188,'2010-11-02 15:52:27',96,41),(189,'2010-11-02 15:52:35',96,41),(190,'2010-11-02 15:58:47',95,42),(191,'2010-11-02 15:59:23',96,42),(192,'2010-11-02 16:09:04',97,42),(193,'2010-11-02 16:10:05',97,42),(194,'2010-11-02 16:15:00',98,42),(207,'2010-11-02 17:19:59',96,46),(206,'2010-11-02 17:18:23',95,46),(205,'2010-11-02 17:07:22',94,46),(204,'2010-11-02 16:53:54',95,45),(203,'2010-11-02 16:47:11',96,44),(202,'2010-11-02 16:45:51',97,43),(201,'2010-11-02 16:30:22',98,42),(208,'2010-11-02 17:22:27',95,47),(209,'2010-11-02 17:24:49',94,48),(210,'2010-11-02 17:25:15',93,49),(211,'2010-11-02 17:27:39',92,50),(212,'2010-11-02 17:30:46',91,51),(213,'2010-11-02 17:36:20',92,51),(214,'2010-11-02 17:37:50',92,51),(215,'2010-11-02 17:39:37',91,52),(216,'2010-11-02 17:49:35',90,53),(217,'2010-11-02 19:09:03',91,53),(218,'2010-11-02 19:09:08',91,53),(219,'2010-11-02 19:09:47',90,54),(220,'2010-11-02 19:13:18',89,55),(221,'2010-11-02 19:14:22',88,56),(222,'2010-11-02 19:15:24',87,57),(423,'2010-11-03 23:40:13',55,93),(422,'2010-11-03 23:31:08',56,92),(421,'2010-11-03 23:30:51',57,91),(420,'2010-11-03 23:30:01',58,90),(419,'2010-11-03 23:23:56',59,89),(418,'2010-11-03 23:23:42',60,88),(417,'2010-11-03 23:23:13',61,87),(416,'2010-11-03 21:42:13',62,86),(415,'2010-11-03 21:01:06',63,85),(414,'2010-11-03 20:27:48',64,84),(413,'2010-11-03 19:09:37',63,84),(412,'2010-11-03 17:42:19',64,83),(411,'2010-11-03 17:40:24',65,82),(410,'2010-11-03 16:49:01',66,81),(409,'2010-11-03 15:53:11',67,80),(408,'2010-11-03 15:32:10',68,79),(407,'2010-11-03 14:41:45',69,78),(406,'2010-11-03 14:31:11',68,78),(405,'2010-11-03 14:20:06',69,77),(404,'2010-11-03 14:19:10',70,76),(403,'2010-11-03 14:09:26',69,77),(402,'2010-11-03 14:09:02',70,76),(401,'2010-11-03 14:07:19',69,77),(400,'2010-11-03 14:06:01',70,76),(399,'2010-11-03 14:00:27',71,75),(398,'2010-11-03 13:50:05',72,74),(397,'2010-11-03 12:30:56',73,73),(396,'2010-11-03 11:35:49',74,72),(395,'2010-11-03 11:28:28',75,71),(394,'2010-11-03 11:10:09',74,71),(393,'2010-11-03 10:14:26',75,70),(392,'2010-11-03 10:14:06',76,69),(391,'2010-11-03 10:07:02',77,68),(390,'2010-11-03 10:06:23',76,69),(389,'2010-11-03 10:05:32',77,68),(388,'2010-11-03 10:05:08',78,67),(387,'2010-11-03 01:00:49',77,67),(386,'2010-11-03 01:00:49',78,66),(378,'2010-11-03 01:00:49',86,58),(379,'2010-11-03 01:00:49',85,59),(380,'2010-11-03 01:00:49',84,60),(381,'2010-11-03 01:00:49',83,61),(382,'2010-11-03 01:00:49',82,62),(383,'2010-11-03 01:00:49',81,63),(384,'2010-11-03 01:00:49',80,64),(385,'2010-11-03 01:00:49',79,65);
/*!40000 ALTER TABLE `snapshot` ENABLE KEYS */;
UNLOCK TABLES;

--
-- Table structure for table `station`
--

DROP TABLE IF EXISTS `station`;
/*!40101 SET @saved_cs_client     = @@character_set_client */;
/*!40101 SET character_set_client = utf8 */;
CREATE TABLE `station` (
  `id` int(11) NOT NULL AUTO_INCREMENT,
  `location` enum('cby','ucu','cafealt','manual','twitter','email','internet','admin') NOT NULL,
  `child_name` varchar(255) DEFAULT NULL,
  PRIMARY KEY (`id`)
) ENGINE=MyISAM AUTO_INCREMENT=8 DEFAULT CHARSET=utf8;
/*!40101 SET character_set_client = @saved_cs_client */;

--
-- Dumping data for table `station`
--

LOCK TABLES `station` WRITE;
/*!40000 ALTER TABLE `station` DISABLE KEYS */;
INSERT INTO `station` VALUES (2,'cby',NULL),(3,'ucu',NULL),(4,'cafealt',NULL),(5,'twitter',NULL),(6,'email',NULL),(7,'internet',NULL);
/*!40000 ALTER TABLE `station` ENABLE KEYS */;
UNLOCK TABLES;

--
-- Table structure for table `tag`
--

DROP TABLE IF EXISTS `tag`;
/*!40101 SET @saved_cs_client     = @@character_set_client */;
/*!40101 SET character_set_client = utf8 */;
CREATE TABLE `tag` (
  `id` int(11) NOT NULL AUTO_INCREMENT,
  `time` datetime NOT NULL,
  `tagger_id` int(11) NOT NULL,
  `taggee_id` int(11) NOT NULL,
  `uid` varchar(100) NOT NULL,
  PRIMARY KEY (`id`),
  UNIQUE KEY `uid` (`uid`),
  KEY `tag_tagger_id_exists` (`tagger_id`),
  KEY `tag_taggee_id_exists` (`taggee_id`)
) ENGINE=MyISAM AUTO_INCREMENT=255 DEFAULT CHARSET=utf8;
/*!40101 SET character_set_client = @saved_cs_client */;

--
-- Dumping data for table `tag`
--

LOCK TABLES `tag` WRITE;
/*!40000 ALTER TABLE `tag` DISABLE KEYS */;
INSERT INTO `tag` VALUES (1,'2010-11-01 15:12:25',15,64,'webform_PqF2yMdpjcg5Dn4oVROm8CA1U7wtKa6vEQxe'),(2,'2010-11-01 15:12:41',15,73,'webform_vcGVRqh9JsdWez87KPIkL2TYZSxyNifuM1a6'),(3,'2010-11-01 15:32:26',15,67,'cafealt_T5eGFtR8qwdz6if02hUjPIkEJAY7loO1Mrcn'),(4,'2010-11-01 16:03:25',64,136,'cby_eTfHks5t0UhVnOcCLGM74Plydz81FKgwomWu'),(5,'2010-11-01 16:23:18',15,32,'cafealt_uABFSz8jvtErDRsZWo94OCnIpN7V3kglc05H'),(6,'2010-11-01 16:24:01',15,157,'cafealt_6AsQSRdk482qEcftVpCajX7zUhIGD3LlP0nW'),(7,'2010-11-01 16:24:31',15,59,'cafealt_n87c5r6a9Al2OTyzP4uSNUdt3CxRGbQMevZi'),(8,'2010-11-01 16:24:52',15,121,'cafealt_zWrou7LEaNlgJcfZ048QeMB9Xkv3VRTqyAdt'),(9,'2010-11-01 16:26:29',15,39,'manual_-1'),(10,'2010-11-01 17:23:22',15,15,'manual_0'),(11,'2010-11-01 17:23:22',15,79,'manual_1'),(12,'2010-11-01 17:23:22',15,134,'manual_2'),(13,'2010-11-01 17:23:22',15,148,'manual_3'),(14,'2010-11-01 17:26:52',15,86,'admin_ojPx2ENdCO3h6r4nSuBbg8wpfHlLAaUiDtTQ'),(15,'2010-11-01 17:37:26',15,58,'cby_Xm3UFeIVMf2cDAzGog5v8iNZy6K0J4RPnbdk'),(16,'2010-11-01 17:38:56',15,65,'cby_mAftZ6QrXu4RMHEjTJ2GLeCIU0NwBlq1g95S'),(17,'2010-11-01 18:27:33',15,31,'admin_k5GiMOWhxQauPwHL6FmedfsjlrRnXAz9gCqT'),(18,'2010-11-01 20:15:35',59,163,'29420581288'),(19,'2010-11-02 10:29:47',15,101,'cafealt_U4xLqQz9EIXdMAvC6t2r1OjPuNb5KeWTnyof'),(20,'2010-11-02 11:15:46',15,33,'cby_i4OfFAvRLgMVT3hszEPUtSmyde7pQnNbo5Gw'),(21,'2010-11-02 11:18:27',15,132,'cby_ViKd37z9Z85jupFmDPWLGt6grEJQbfoHYw1C'),(22,'2010-11-02 11:28:54',132,135,'cby_VXombqBpOMYG91wFnCeJZyP3g6c8NSIvx0tH'),(23,'2010-11-02 11:29:18',15,18,'cby_Tok4nyFcpKQ3v7rP2S8zMRmfbhqVjI6wL5AG'),(24,'2010-11-02 11:43:27',15,176,'cafealt_gqVT8GpxPiC0evu3aRQf95YHby7jXI1h2o6z'),(25,'2010-11-02 11:45:26',132,45,'cafealt_4dERlXItDsVBa3wujb29KpC68zJy7cF5irUo'),(26,'2010-11-02 11:48:38',15,167,'cafealt_DNgLHk8OzTPtRG3QewYUo9su2aKv4IJmq156'),(27,'2010-11-02 12:40:58',15,173,'webform_pmLHMtGIR4aAoi2uOljg5e0khyDfZUxrNw1F'),(28,'2010-11-02 12:42:31',15,168,'admin_5lNYVqTuMSjdDzcUPOCkExFpRwa6n87BsLvb'),(29,'2010-11-02 13:08:35',45,164,'cby_Gsy2vOWI6upRda9jA14YQSgErCfJ5UilkmM8'),(30,'2010-11-02 14:07:42',134,153,'cafealt_qwONtcg3AfBlTbLdRkCUGDympYa05VMo962s'),(31,'2010-11-02 14:11:18',132,92,'cby_kqXwdrhJgc9sA0KV2vnyOmHiGfb4MIPeB3D1'),(34,'2010-11-02 14:42:45',132,103,'cafealt_2En0Yy8lfiasv4HOSCIdou3bT5JBLR7UkZxA'),(35,'2010-11-02 14:50:46',148,158,'cafealt_JotGBCjPQp5lrRdK8AZVUhgbvq039yIEsfLi'),(36,'2010-11-02 14:51:43',148,51,'cafealt_O6nB0oLm2DeTjpWcdkJNsGzPiSbUh137vtY4'),(37,'2010-11-02 14:52:09',148,123,'cafealt_O9pYX71uGl6geHWbTZCs24B5w0hyMPavrcAf'),(39,'2010-11-02 15:14:54',148,89,'cafealt_uG062UAm1MftWTCnv7swcbiDoVzBr8gZk59j'),(254,'2010-11-03 23:40:13',8,96,'admin_4TtZqmpoWl9dX7Sxjrh8MGNiBRIvV1Dfu6C5'),(42,'2010-11-02 15:58:47',103,137,'cafealt_qNK2AevSV1JUWd3OphY0yrzgsuR9wnEIDFkj'),(45,'2010-11-02 16:45:51',15,140,'cafealt_q8EAaNtfsKJknjmTFM20rZOyzwHuD3CcWQ4g'),(46,'2010-11-02 16:47:11',15,24,'cafealt_JMfn5aXP6G9cYvAVgqeCBFRSdHu1IrWNtQLp'),(47,'2010-11-02 16:53:54',15,29,'cafealt_aNcQdFeyg8Vt3BTlp2Uz6Ykhxsou9Wfq10MS'),(48,'2010-11-02 17:07:22',103,171,'cby_ZzQHEnuN7bsxyD6T3qfB1wokIF8MAgmR9a4h'),(49,'2010-11-02 17:22:27',134,37,'cafealt_vscLzH685h7gKI0qEikNxu1ldDtZwWanObPj'),(50,'2010-11-02 17:24:49',134,38,'cafealt_NqPAZ5Ttp62iGrQyXb493xcozeu0waYKDSVm'),(51,'2010-11-02 17:25:15',134,165,'cafealt_UhdcWrKXqnO142bpA3zZGtv8yjTlE9Ioi5HR'),(52,'2010-11-02 17:27:39',179,42,'cafealt_1dMYliZUscx8Jq7jLHeXTARn6zoFuP2g43mI'),(253,'2010-11-03 23:31:08',38,159,'admin_VP7CaqLzEXWryb6xMgJIcpUNsYO2BwAm0klF'),(252,'2010-11-03 23:30:51',38,35,'admin_4lWGbIgr5AXsELQx9MyTajoi3kU0KwNBnPt6'),(55,'2010-11-02 17:49:35',15,80,'cafealt_t3wUSanb9TE0xFH4RNL76hJQAPzvgMZuef1s'),(251,'2010-11-03 23:30:01',38,196,'admin_ECoubd4ysYfPjwXmqnGMxhkL9gRt0vVKDS1a'),(57,'2010-11-02 19:13:18',59,34,'admin_HqvjnbwuE4LCfek2h1RYpVtsGNIry068DZog'),(58,'2010-11-02 19:14:22',34,22,'admin_RkI15OTCb3UKH9uScWm6v2tyJMEP7jzfn0DZ'),(59,'2010-11-02 19:15:24',165,94,'admin_DqwzcCIGPxYAtT7heRVH8i0dEK59Bylm2ZkU'),(245,'2010-11-03 19:09:37',8,175,'bot_8SqPfyHZ1aTtbk6vdg3sulM0CjRFYLNxAeDm'),(246,'2010-11-03 21:01:06',177,50,'webform_yN73gStp4FrX1hJVmOMRLIuabwEneQj8PA5k'),(247,'2010-11-03 21:42:13',11,110,'webform_vXkZ7SgMpaPuTd2CF4ozjnVEsAwr0DbO3hLU'),(248,'2010-11-03 23:23:13',8,194,'admin_PFKwk1Rrm2ZSaxYQnEVvqlGTtbisJ3uMzCH7'),(249,'2010-11-03 23:23:42',194,44,'admin_rKXkmj57pJNSPo103heYGFBlALIyaUdVDf2c'),(250,'2010-11-03 23:23:56',194,149,'admin_dqBC3rUT9lZiv5GJ17uQ0SnhsHOyEmwNezIk'),(244,'2010-11-03 17:42:19',15,160,'webform_QeJdG6OgP73y2wClnaNSWuMDKAFtB0jc8r5s'),(243,'2010-11-03 17:40:24',15,76,'webform_PlMBjrg2o85b7I9SuytETnqmhJevsDfOZYpU'),(242,'2010-11-03 16:49:01',75,11,'cby_ItzoCEqU1Fu5xkLSPlApBh8NW6O03i7JeGaD'),(241,'2010-11-03 15:53:11',23,75,'cby_NUo24SFJX15BMcwEjhrY6di3bI9pqOekH7QK'),(240,'2010-11-03 15:32:10',92,144,'webform_yw0GizuJZ6A3TKqHSYN8fEVU1adBClDMLW7Q'),(239,'2010-11-03 14:31:11',92,105,'webform_JA8aZTIz0SPec2MjvHpOYXCFhf31tDLdEU6G'),(236,'2010-11-03 14:07:19',32,161,'admin_Hje8Jndf6C2OUsuQTzPD3BpWKlGYFxNic1V7'),(235,'2010-11-03 14:06:01',134,68,'admin_z5O4v6WtZoqiNwT2E1mKSHP78khAUbIl9CeB'),(233,'2010-11-03 13:50:05',39,72,'cafealt_FuVvR37qEBjWp58tfTUkyg2XxwPGznDobYKr'),(234,'2010-11-03 14:00:27',188,130,'cby_CQaJASDUNfYTHzrEkXBg6sKduWVxRcl7toML'),(232,'2010-11-03 12:30:56',134,26,'cby_5JhWUKRel9wZ2sDr1Mo80FCTGjdPtV7Iqc6L'),(231,'2010-11-03 11:35:49',165,113,'cafealt_L8uDNP3dJROKIMT4FnopqvaV7AQtjeS5ixmh'),(230,'2010-11-03 11:10:09',171,23,'webform_BNzTInEt3Kfc2pb1XxoSPaQmV5rFLigUCqMR'),(229,'2010-11-03 10:14:26',42,197,'cby_bOZftEBlYT3PX9Cw1ud06av4QRLNx7pSkIFW'),(227,'2010-11-03 10:06:23',132,180,'cby_VqyPW5mxi3MGQjBlk749FLAoegpCHX8OtDTE'),(228,'2010-11-03 10:14:06',42,108,'cby_5R0udOiJWBDZt4yLXmrjCNwGoEsg8v2TSkMb'),(225,'2010-11-03 01:00:49',8,138,'bot_yVwKDfcpIu6R0nG51bmrCLkSvAsP9OUMXNzo'),(223,'2010-11-03 01:00:49',8,125,'bot_zraNR8wDbMB4fpYcWSUsItgOVkoQXi7LqT3l'),(222,'2010-11-03 01:00:49',8,116,'bot_V65poeqsBhw2zNPRW9GfdyMZ7DAO3Sxj1bLg'),(221,'2010-11-03 01:00:49',8,111,'bot_aXYnz37GAm4HUJVflPus0cE8M9CLWixpZevg'),(237,'2010-11-03 14:09:26',32,106,'admin_fRndCW5YXMKOxpoAlStvui9PzZV6rh3mcEG1'),(238,'2010-11-03 14:20:06',197,91,'cafealt_PR3sz0CHiaxdrJGnNWlgE9VTvw174qFyj6Ue'),(218,'2010-11-03 01:00:49',8,90,'bot_LjA6JPkHn1EtfI3p9z5vMhZulm7OXgSFsbU2'),(217,'2010-11-03 01:00:49',8,63,'bot_KEYb0ZUdV3OcQeJFzosrxgGHWpMNA2jwl9Bi'),(215,'2010-11-03 00:25:17',8,198,'manual_blah5'),(214,'2010-11-03 00:25:13',8,192,'manual_blah4'),(213,'2010-11-03 00:25:09',8,188,'manual_blah3'),(226,'2010-11-03 10:05:33',182,183,'admin_WfLYKzhb7em0X2EuI1OPrQklRUct9qo3FTp8'),(212,'2010-11-03 00:25:04',8,187,'manual_blah2'),(216,'2010-11-03 01:00:49',8,36,'bot_lwtJByMZqoNA3EbcTrkpG6mO7SUjfHYsWxnX'),(208,'2010-11-03 00:22:41',8,145,'manual_blah6'),(209,'2010-11-03 00:23:46',8,179,'manual_blah8'),(210,'2010-11-03 00:24:26',8,182,'manual_nickweymouth');
/*!40000 ALTER TABLE `tag` ENABLE KEYS */;
UNLOCK TABLES;

--
-- Table structure for table `twitter`
--

DROP TABLE IF EXISTS `twitter`;
/*!40101 SET @saved_cs_client     = @@character_set_client */;
/*!40101 SET character_set_client = utf8 */;
CREATE TABLE `twitter` (
  `id` int(11) NOT NULL AUTO_INCREMENT,
  `text` text,
  PRIMARY KEY (`id`)
) ENGINE=MyISAM AUTO_INCREMENT=11 DEFAULT CHARSET=utf8;
/*!40101 SET character_set_client = @saved_cs_client */;

--
-- Dumping data for table `twitter`
--

LOCK TABLES `twitter` WRITE;
/*!40000 ALTER TABLE `twitter` DISABLE KEYS */;
INSERT INTO `twitter` VALUES (4,'Come watch Zombieland today (Monday) at the UCU Agora at 7PM'),(3,'The first Zombie has officially been infected!'),(2,'Memories... Check out the #HvsI 2009 epic tag video winner: http://youtu.be/FCLdK09m5wo'),(1,'HvsI t-shirts are in and they are awesome! Only 5$ http://twitpic.com/318247'),(7,'87H/57Z after 2nd day! Tomorrow is Military Containment, come get your socks! #HvsI'),(6,'First day is over. 98 Humans 18 Zombies. Next mission: Rescue the Scientist, Tuesday night at 6PM: http://hvsi.ca/missions. Win bracelets!'),(8,'We\'re experiencing a few website issues. We\'ll be back up shortly'),(9,'Website issues have been resolved! New count due to missed check-ins: 77 Humans & 67 Zombies'),(10,'Some Zombies made it to Military Containment today. Shooting Zombies with Nerf guns is a great feeling');
/*!40000 ALTER TABLE `twitter` ENABLE KEYS */;
UNLOCK TABLES;

--
-- Table structure for table `user`
--

DROP TABLE IF EXISTS `user`;
/*!40101 SET @saved_cs_client     = @@character_set_client */;
/*!40101 SET character_set_client = utf8 */;
CREATE TABLE `user` (
  `id` int(11) NOT NULL AUTO_INCREMENT,
  `name` varchar(50) NOT NULL,
  `username` varchar(25) NOT NULL,
  `hashed_pass` text NOT NULL,
  `language` enum('e','f') NOT NULL,
  `student_num` int(11) NOT NULL,
  `email` varchar(50) NOT NULL,
  `twitter` varchar(50) DEFAULT NULL,
  `cell` varchar(11) DEFAULT NULL,
  `creation_time` datetime DEFAULT NULL,
  `child_name` varchar(255) DEFAULT NULL,
  PRIMARY KEY (`id`),
  UNIQUE KEY `username` (`username`),
  UNIQUE KEY `student_num` (`student_num`),
  UNIQUE KEY `email` (`email`),
  UNIQUE KEY `twitter` (`twitter`),
  UNIQUE KEY `cell` (`cell`)
) ENGINE=MyISAM AUTO_INCREMENT=199 DEFAULT CHARSET=utf8;
/*!40101 SET character_set_client = @saved_cs_client */;

--
-- Dumping data for table `user`
--

LOCK TABLES `user` WRITE;
/*!40000 ALTER TABLE `user` DISABLE KEYS */;
INSERT INTO `user` VALUES (1,'admin','admin','842eb269c3d38dd5e728b49d410087909f5c03ad','e',0,'admin@hvsi.ca',NULL,NULL,NULL,'Admin'),(2,'cby','cby','b407919f987985e580843d36e93aa92a21615384','e',1,'cby@hvsi.ca',NULL,NULL,NULL,'Station'),(3,'ucu','ucu','b407919f987985e580843d36e93aa92a21615384','e',2,'ucu@hvsi.ca',NULL,NULL,NULL,'Station'),(4,'cafealt','cafealt','b407919f987985e580843d36e93aa92a21615384','e',3,'cafealt@hvsi.ca',NULL,NULL,NULL,'Station'),(5,'zombie_twitter','zombie_twitter','817a47f7658c3c9e785a9446087f7481b6ffc649','e',4,'twitter@hvsi.ca',NULL,NULL,NULL,'Station'),(6,'zombie_email','zombie_email','817a47f7658c3c9e785a9446087f7481b6ffc649','e',5,'email@hvsi.ca',NULL,NULL,NULL,'Station'),(11,'evan','evanalush','63ba6d2f825cab619c231923ccce3996f49eb942','e',5641558,'e_rad_@hotmail.com','evanalush',NULL,'2010-10-10 10:10:10','Player'),(12,'Eric Edwards','supereric7','213d985ec523a10c3eef8ea508fa9c84d84cb7dd','e',5681050,'eric_edwards7@hotmail.com',NULL,'15198183587','2010-10-10 10:10:10','Player'),(13,'stuart Benson','stu-benson','5efc37ec919f592ecbdd55ebc296cf7e1e6a3bff','e',6008045,'stuart.benson@bell.net','StuBenson92','16134076970','2010-10-10 10:10:10','Player'),(15,'Mihai Ciobanu','Sirius','45a31af24270b267038b8639f75bec6998fe1576','e',4559971,'mihai.v@live.ca',NULL,'16137966988','2010-10-21 17:55:01','Player'),(17,'Daniel','Drose018','4be30d9814c6d4e9800e0d2ea9ec9fb00efa887b','e',5593413,'rosenplotd@live.ca',NULL,NULL,'2010-10-22 06:15:53','Player'),(18,'Jordon Fedak','apossum','0ee62d545da3eb439a6bce1144de0badf14f49aa','e',5283034,'fedakjm@gmail.com','fedak_','16137840734','2010-10-22 08:31:11','Player'),(20,'Cody Zulinski','codez','31367dedd20e0560832fd6ebc29c8904d10e08e3','e',5299795,'codyzulinski@gmail.com',NULL,'16138970138','2010-10-22 11:16:54','Player'),(21,'Ryan Smeeton','(Z)OM NOM NOM!','77ffa6b4ec61bc57f3f63935b0894f05ea401e88','e',4931783,'rsmee088@uottawa.ca',NULL,'16136203712','2010-10-22 12:20:41','Player'),(22,'Natasha  Boulanger','Myeyeshadowisodd','e065013e471841063135463a2f4c4e062012feee','e',4901967,'mysockmonkeycantbreakdanceithasnolegs@hotmail.com','myeyeshadowisod','16134336267','2010-10-22 12:30:14','Player'),(23,'Alessandro','sbinc028','65acf872512bbfc1db26f41498ff8492cb322102','f',5196423,'sbinc028@uottawa.ca',NULL,NULL,'2010-10-22 13:04:16','Player'),(24,'Alycia Saddler','lychi','7d29cd70c2477a877a44aa95cac5e2e689eb3d54','e',4906025,'relddas1@hotmail.com',NULL,'16137983788','2010-10-22 13:45:10','Player'),(26,'Joyce','Will','8f38b3196362e41d9bed9f2d4a67c30fd33460ba','e',4929242,'will.joyce13@gmail.com',NULL,NULL,'2010-10-22 14:07:01','Player'),(28,'Turner','Jessica','a026d94aaea74a5cfe63883279cb3d70bd95791d','e',4928350,'jessturner3@gmail.com',NULL,'16138189020','2010-10-22 15:15:15','Player'),(29,'Katie','Katie','1763b24ac8b7ce4587b961564642e91d3b0ae85b','e',4855222,'klafe027@uottawa.ca',NULL,NULL,'2010-10-22 15:17:29','Player'),(31,'Merissa Tse','merulian','206f0a9927a41968342a757a2238b0f8c26754c1','e',5242702,'merissa.tse@gmail.com',NULL,'16136086873','2010-10-22 15:41:51','Player'),(32,'Alex','Dupuis','f228b2e67ef1d975a6dafbe2cecd90790e49ee28','e',4834175,'alex_dupuis10@hotmail.com',NULL,NULL,'2010-10-22 16:22:20','Player'),(33,'Matthew','Aeis','0d956d4190c20eb4a719c1854ba0851006fffb35','e',4476855,'mbren060@gmail.com',NULL,NULL,'2010-10-23 02:46:54','Player'),(34,'Jordan Henry','Henbot3000','12f399525222ddec227760e730f278825e44b22d','e',5601360,'jordie372@msn.com',NULL,'16133496090','2010-10-23 10:13:23','Player'),(35,'Chris Bos','chrisbos13','044507c8314178f51f47bf2fd6e666a4139b6eef','e',5138193,'cbos098@uottawa.ca','chrisbos13',NULL,'2010-10-23 10:29:30','Player'),(36,'Drew Charkavi','DrewChar','624c61901bc9f71020025f7b0e4e438c3a765ba9','e',5550254,'charkavi@yahoo.ca',NULL,NULL,'2010-10-23 10:59:01','Player'),(37,'Madelaine Collins','DernierSoleil','b7cabe09b335f8cceabe3e82d86f98c41a17ce8b','e',5986187,'MadelaineCollins@hotmail.com','DernierSoleil','16136183871','2010-10-23 12:29:13','Player'),(38,'Benjamin Miller','CGBSpender','c0e3e1eec3104febd7b800f5c2573fa5aac65494','e',6054994,'miller.benjamin@ymail.com','admin','16134071810','2010-10-23 13:36:36','Player'),(39,'Jozef Spiteri','Jozef','8d84f44f54d73eb19cff552e0c0ebf20c079882b','e',4875184,'jozefspiteri@gmail.com',NULL,NULL,'2010-10-24 01:09:33','Player'),(40,'Ted Horton','tedhorton','612a51d586edb273d5b4bc836b2feb7d993d0c2f','e',4448084,'tedhort@gmail.com','tedhorton','16138081393','2010-10-24 07:31:24','Player'),(41,'Mary-Catherine','EmSea','1f2fcecd05d24188d74bde886984e798d570458e','e',5003872,'maca.doran@gmail.com','EmSeaDee',NULL,'2010-10-24 07:34:03','Player'),(42,'Peter McLaren','DinoPete','206fa4297f4b389dd52669abb48a37500cde03a0','e',6034310,'pmcla015@uottawa.ca',NULL,'16137910723','2010-10-24 07:55:22','Player'),(44,'Alexandre Giroux','LastHumanAlive','632248cfa8c49787ed793288094cea069ad6d3e0','e',6121494,'agiro099@uottawa.ca',NULL,'15062923554','2010-10-24 12:56:57','Player'),(45,'Corey Powell','Mr.Bacon','85136c79cbf9fe36bb9d05d0639c70c265c18d37','e',6050382,'backbacon.2010@hotmail.com',NULL,'16134071757','2010-10-24 14:19:23','Player'),(47,'Brittany Thomson','bthom104','f19997f4649a773a5f88d5f71e47f5c718950a8a','e',4937698,'bthom104@uottawa.ca',NULL,NULL,'2010-10-24 16:46:12','Player'),(50,'Danielle McMahon-Jones','DaniD1848','b1d8887aacd79de0c54a40edd11e81a976bebc77','e',5205716,'idancer_90@hotmail.com',NULL,NULL,'2010-10-25 17:47:56','Player'),(51,'shaun o`reilly','shauno','a97ceb15da2ca1c736db0b084914bc0bd973dcac','e',4585309,'shaughnessyo@hotmail.com',NULL,'16136689724','2010-10-25 21:34:58','Player'),(52,'Erica van Wyngaarden','Ericavanw','150cd1393518254d4d16181d831fb855f28fa7ec','e',4791265,'evanw070@uottawa.ca',NULL,NULL,'2010-10-26 07:04:19','Player'),(53,'Jaslyn Shand','CareRots','797dd9a4895bfe0c7c264dd092560dc53fea9cdb','e',6019168,'jaslyn-shand@live.com',NULL,NULL,'2010-10-26 09:45:56','Player'),(54,'Benoit Gauthier','benn101','2e1f49b7c1a3aac38691b8dc59226847894f0089','e',5581854,'ben_gauthier101@hotmail.com',NULL,NULL,'2010-10-26 09:51:05','Player'),(57,'Emily MacKinnon','emmyjo131','b53d6b3e616bce65ae9688696220e98935333433','e',5944927,'Emmyjo131@msn.com',NULL,NULL,'2010-10-26 19:37:36','Player'),(58,'Jordan Fisher','jordanfisher','815c1fae3202d826aa8ab331ecbae4ce106fca43','e',5186425,'jfish032@uottawa.ca',NULL,NULL,'2010-10-26 21:40:12','Player'),(59,'DANIEL','alfdan','400cb45d51731820c682f85d177e8ac10917c124','e',5958653,'dlutz058@uottawa.ca','alfdan','16138470187','2010-10-26 21:48:34','Player'),(60,'Dimitrie Cepisca','MidnightBreak','25243991e4543f744b72d7650ff2a23e95c69dc3','e',5309800,'dcepi005@uottawa.ca',NULL,NULL,'2010-10-26 22:05:22','Player'),(61,'Kyle mcclymont','mcloudkm','1ef41af4175fe164bf14a260fdf226218961c106','e',5594564,'kylemcclymont@rogers.com',NULL,NULL,'2010-10-26 22:15:48','Player'),(62,'Richard Lawson','QZ_','40a15b1e89ed4fcd334f1a57d625d865617cc318','e',5598640,'canadaric@hotmail.com',NULL,NULL,'2010-10-26 22:21:53','Player'),(63,'Jamal','Beshari','d3e613ce497efb4d0e49ff69a24b348d9ca99479','e',5461840,'beshjm@gmail.com','beshjm@gmail.com','16138781579','2010-10-26 22:33:29','Player'),(64,'Julius Gomes','Juls1990','600613bd2fab3ebd9a28539c929aeb76ba8c5872','e',5292480,'JuliusGomes@hotmail.com',NULL,'16138064645','2010-10-26 22:36:44','Player'),(65,'Joseph Murphy','knightman91','90eaa6bc9d7a2b18f4fcd57072d54f7fdd2aad51','e',6009151,'supesmurph@hotmail.com',NULL,'16132975383','2010-10-27 04:02:08','Player'),(66,'Brooke','br0oke','48d46d1728c041f1e933aeb323da13852cc8d0ff','e',5007360,'brooke_cakes@hotmail.com','brark',NULL,'2010-10-27 05:01:09','Player'),(67,'Jerome Choi','hahira','134a7fc5ad0c120c3826fbee5c2db745595249cb','e',4575828,'jchoi033@uottawa.ca',NULL,NULL,'2010-10-27 05:22:26','Player'),(68,'Katherine Sullivan','katherine.sullivan','856247a31e22cc509476984c6198ebb268fb1010','e',5411707,'katherine.sullivan@hotmail.com','Kath_Sully','16134065917','2010-10-27 05:35:27','Player'),(69,'Tom van Leeuwen','tvanl062','447e813a4a8617863570ba139bee7bf9a1d742f9','e',6044657,'tvanl062@uottawa.ca',NULL,'16138689255','2010-10-27 06:03:43','Player'),(71,'Samantha Faas','sjaf','60a6380b5d72c3327d932dcbdf4a6d61109fb67f','e',5162361,'sjaf_xo@hotmail.com',NULL,'16138597523','2010-10-27 06:24:07','Player'),(72,'Justin Labelle','highwaynights','8a355c5dff2ba70d4830ce371d196b75653ddfc5','e',5626806,'llj444@hotmail.com',NULL,NULL,'2010-10-27 06:38:20','Player'),(73,'Amit Ubhi','1omlette1','8a73044e4e89399dd9855e07137f8426ca83161f','e',5233758,'ubhi.amit@gmail.com',NULL,NULL,'2010-10-27 07:19:39','Player'),(75,'Robert Isabelle','RubberToe','1015102ddf34d81b7fcd953071e15324486967c8','e',5300168,'robert_isabelle05@hotmail.com',NULL,NULL,'2010-10-27 08:07:14','Player'),(76,'Amanda Marochko','marockstar','205e31d04e39983c47a02f9ade22e78655a2559c','e',4907042,'amanda.marochko@gmail.com','marochko','16137695746','2010-10-27 10:32:56','Player'),(77,'Joshua Heyman ','Jheyman','75571b1daf830cc365cb5d6c8e19ecb3fbaee0fe','e',5650734,'josh.heyman91@gmail.com',NULL,'16137914418','2010-10-27 11:06:28','Player'),(78,'Marissa Lithopoulos','Mthop','8d6e34f987851aa599257d3831a1af040886842f','e',6046307,'mlith012@uottawa.ca',NULL,NULL,'2010-10-27 11:36:48','Player'),(79,'Brittany Follett','Brittgirl','1608ef68c91af1bbf10c184cadac1c14b1f67639','e',4974120,'bfoll025@uottawa.ca',NULL,'16138759249','2010-10-27 12:37:20','Player'),(80,'Adele Landriault','Dede','9615a19c0af4a4aeaa5770800072326d7ae89bf4','e',5992697,'adele_landriault@hotmail.com',NULL,'16138168568','2010-10-27 13:10:44','Player'),(86,'Adam Desjardins','adesj044','f8aef58c26f9fccb75a7bd46e9dc077f681b8ba2','e',5569039,'adesj044@gmail.com',NULL,NULL,'2010-10-27 16:26:05','Player'),(88,'Thanos','dayno','0d5a90181686c88ebe28127a3ef4621510560c1e','e',4958255,'thanoshastoomuchenergy@gmail.com',NULL,'16132763597','2010-10-27 18:16:54','Player'),(89,'Tessa vanLeeuwen','tvanl066','034729cbf9662cde2e97b58078ac0f25dccfc9e4','e',5250961,'tvanl066@uottawa.ca',NULL,NULL,'2010-10-27 18:55:01','Player'),(90,'Julian Wiesner','Germanator','f4e159a09c3a07133af8f7d99fea2c553bafe05e','e',5705212,'jwies017@uottawa.ca',NULL,'16136003371','2010-10-27 19:57:07','Player'),(91,'Marie-Claire Dominique','MCDracula','f4b80002ce5c3d1c5cf7f36e078fb8ff37f70ce3','e',5969847,'mdomi052@uottawa.ca',NULL,'16138161292','2010-10-28 05:46:49','Player'),(92,'Amy Sigsworth','asigs053','e326fe32e98155a5b34abe49c52f37a9f321fef8','e',5214948,'amy.sigsworth@gmail.com',NULL,'16135527230','2010-10-28 06:42:32','Player'),(94,'Marko Davidovic','Rhodes','80b290a27c5cbae6a9cad5578a4528bc8a0c2cf4','e',6097038,'mdavi063@uottawa.ca',NULL,NULL,'2010-10-28 08:29:08','Player'),(96,'Michelle Jarrett','EmKayla','12f20ef1a062490f48a4600add371fab615ace71','e',5982546,'m.jarrett.xo@live.com',NULL,'16137940929','2010-10-28 09:06:15','Player'),(97,'Derek Clemens','Clemens96','1a18b86bf57f43a494f505a2fab14960a0853551','e',6042891,'derekclemens96@hotmail.com',NULL,NULL,'2010-10-28 09:12:27','Player'),(98,'Mikayla Wicks','Mikayla','7141efad01d038330979412a4b501cf473c8f218','e',4616507,'mikayla.wicks@gmail.com',NULL,NULL,'2010-10-28 12:22:59','Player'),(99,'Wilson Vo','wilsonvo','043969f9fc17e10841526d431fcfcfe5cb29dcc6','e',6072082,'wvo087@uottawa.ca',NULL,'16139834159','2010-10-28 20:20:45','Player'),(100,'Cassandra Celeste','Cassie','bd545b626040cc8e1bfe5f94031587a991cd83cd','e',6001569,'cassy_celeste@hotmail.com',NULL,'16138973608','2010-10-28 21:09:21','Player'),(101,'Alex MacInnis','alexginnis','878b34c71a5aae401aec0eed884bc4d4575395a9','e',5558201,'alexginnis@gmail.com',NULL,'16133164493','2010-10-28 21:09:37','Player'),(7,'zombie_internet','zombie_internet','817a47f7658c3c9e785a9446087f7481b6ffc649','e',6,'internet@hvsi.ca',NULL,NULL,NULL,'Station'),(103,'cenk papila','cenkpapila','e8e273eb58954f2b5925e733932b541545da5186','e',5493977,'papilacenk@gmail.com','cpapila','16132524971','2010-10-29 11:17:44','Player'),(105,'Rebekah Craig','beks','ed10ede60cf247931c3a8b8b3f34b84630efda70','e',5604134,'bekahrcraig@hotmail.com',NULL,'16138273395','2010-10-29 16:10:02','Player'),(106,'Jacob Sommers','jsomm094','996c8da3ca1ca2884598c91c17f210de1ba785d7','e',5192089,'jsomm094@uottawa.ca',NULL,NULL,'2010-10-29 16:28:21','Player'),(107,'Douglas Cuzner','douggernaut','62bcb8319a6e7f3bdbe6a2a98cfe2ac4f44c6173','e',5682889,'argos.kyros@gmail.com','avengingsheep','16138755534','2010-10-30 13:24:25','Player'),(108,'Anna Tkalitch','tkal','25aeffc9ceeea6822a1fe8cf044f4baaa9912bb1','e',5734379,'atkal084@uottawa.ca',NULL,'16138785857','2010-10-30 13:41:58','Player'),(110,'Marius Behl','Maaaari','8c829ee6a1ac6ffdbcf8bc0ad72b73795fff34e8','e',6222900,'Maaaari@web.de',NULL,NULL,'2010-10-30 18:43:01','Player'),(111,'Grant Rivard','G-rad','663f8adad6b80b402cd19cf78b0e8327edae1ce9','e',4473126,'master_gdr@hotmail.com',NULL,'16138684619','2010-10-30 18:54:16','Player'),(112,'Thomas Leckey','ProfessorTom','67d303b3f89cfea1cc2cf3e935f28f67374d85bc','e',6104645,'thomas_leckey@live.com',NULL,'16139692701','2010-10-30 19:23:30','Player'),(113,'Stéphanie LaBelle','slabelle','e5a62326387542a39d7b3345d7f565ea50f37375','e',5220691,'stephiwephie@hotmail.com','gingeworld',NULL,'2010-10-31 13:12:27','Player'),(114,'Rachel Rumstein','rachelr','4d0c0608aa75f19c48006e8a8e0b88fa7c805534','e',5211068,'rachelr124@hotmail.com',NULL,NULL,'2010-10-31 15:34:33','Player'),(116,'Guillermo Corona-Puente','A_infected','1d30a12222c2341eeeb49aaf7dae0a4a28936acd','e',6158597,'gcoro102@uottawa.ca',NULL,NULL,'2010-10-31 17:39:26','Player'),(117,'ihab el mlafi','darxsid','21c32b9fd038000a74da4577b695c3090a63eb7c','e',6061771,'ihab-elmlafi@hotmail.fr',NULL,NULL,'2010-10-31 18:13:01','Player'),(119,'Tremblay','Patrice','bcc7a2bc637c1dc35224b707f8dcca07151cda4f','e',4453638,'hamlet_chick@hotmail.com',NULL,'16136681373','2010-10-31 18:32:06','Player'),(120,'Maher','mugiMaher','e7c9d9704a898d13fe39a1b9f2c66b23b88be7aa','e',5384185,'mmano090@uottawa.ca',NULL,'16137915879','2010-10-31 18:32:12','Player'),(121,'Tia DeLauria','tdelauria','698dc31bccf8046c3bb8e3c2b2fc0dbe6d6709d5','e',5584405,'tdela010@uottawa.ca','roflatusenames','16132903608','2010-10-31 19:04:17','Player'),(122,'Jennifer Brierley','JB','6b440f21365827026c3473ca9a58cf145829de96','e',4510791,'jennifer_brierley@rogers.com',NULL,NULL,'2010-11-01 00:21:54','Player'),(123,'Andrew Babawy','ClamChowda','96133788592c0c1960a700673df6161aca62d262','e',5665256,'andrewb_987@hotmail.com',NULL,NULL,'2010-11-01 00:41:35','Player'),(124,'Bukhosi Mabaleka','bksaurus.rex ','73dfccc8d7fdcbcfb779806bf8767652935b089f','e',5633825,'buka_4_life@hotmail.com',NULL,'16132662759','2010-11-01 00:42:13','Player'),(125,'Carly Henry','zombiequeen','8ebf28c65b4e0b6d521c637ae6727e41caafd6b9','e',4917157,'carly_55@msn.com',NULL,NULL,'2010-11-01 01:32:56','Player'),(126,'Shona MacIntyre','macintyres','8a4c1965bda8703b930db2baa3e18a81a8dfe671','e',5198831,'smaci036@uottawa.ca',NULL,NULL,'2010-11-01 02:07:14','Player'),(8,'Military/Militaire','military.militaire','6acaf5dae6e01bf39573c2bf95d486d844335efc','e',7,'militarybot@hvsi.ca',NULL,NULL,'2010-10-30 07:16:10','Player'),(132,'Joseph Bautista','josephallen07','463342665e0207ef6f4df37a73b97325a2a581b1','e',6033918,'joseph_allen07@hotmail.com',NULL,NULL,'2010-11-01 11:26:09','Player'),(130,'Sean Kyle','007','ed9d3d832af899035363a69fd53cd3be8f71501c','e',5984633,'seankyle@rogers.com',NULL,NULL,'2010-11-01 10:51:20','Player'),(133,'Picard','Kristopher','86ef433bf0bb3a58e44cdbe964c3076902ee1f91','e',6028924,'crispy_2952@hotmail.com','KrisPicard','16136762448','2010-11-01 11:27:48','Player'),(134,'Steven Bowa','ZombieStrangla','9dc2b6eb35f460355e3d79022b6a70019168744f','e',5323492,'sbowa097@uottawa.ca',NULL,NULL,'2010-11-01 11:29:12','Player'),(135,'Jayme-Lee Berton','jayme-lee92','5c68acfa23acde5d6ba0b56ae9254bca485a8f71','e',5974001,'jayme-lee@live.com',NULL,'16134075520','2010-11-01 11:29:51','Player'),(136,'Casey Perrault','Casey09','3de40638031701505c0423b364ac3acf542d9e55','e',5199297,'pres@artsuottawa.ca',NULL,'19052466395','2010-11-01 11:36:16','Player'),(137,'Andrew Russell','Cammalleri13','7c43d5ea1f82e68d152fec455130157777a2830c','f',6153609,'andrewrm27@hotmail.com',NULL,NULL,'2010-11-01 11:41:43','Player'),(138,'Luc Bourgeois','lbgolfer','69d4803ad8a5c98536aa5f692e9e010512ee2fc9','e',6166775,'Luc_bourgeois_9212@hotmail.com',NULL,NULL,'2010-11-01 11:44:33','Player'),(139,'Luis Siega','LS1091','48e736ccde09bbf9f9561a71d06d419b238e15c2','e',6147163,'lsiega91@gmail.com',NULL,'16139831391','2010-11-01 11:53:42','Player'),(140,'Ryan Maisey','Romerz','5514ae81cf9b1af3b5719d9446f062e2b1f0ca9d','e',5282115,'ryanmaisey@hotmail.com',NULL,'16138941835','2010-11-01 12:11:31','Player'),(141,'Lily Chau','lilychau','7b510c2d2090e16e104a697963828e8e9aac9a0e','e',6009945,'lchau050@uottawa.ca','lilychaut','16136010800','2010-11-01 12:18:33','Player'),(142,'Chris Ramey','Franklinstein','fb65cb739b40b4644efb2fab576bcbfc056a6cad','e',5208946,'alias_punchy@hotmail.com',NULL,NULL,'2010-11-01 12:57:45','Player'),(143,'Aaron Chiang','acheo022','f22a9adee1d13047735fdc7e1af2fb3522b69976','e',5111817,'acheo022@uottawa.ca',NULL,NULL,'2010-11-01 13:10:07','Player'),(144,'Nick Martin','Deaman12','5ef89479e1c0c276a0aedbf309204682f30f8e9f','e',5190492,'nickm202@hotmail.com',NULL,NULL,'2010-11-01 13:10:44','Player'),(145,'Stefanie Hill','stefhill21','9124b67b060793ab04b5e25a7e68f7da4da939cb','e',5602706,'shill011@uottawa.ca',NULL,NULL,'2010-11-01 13:20:31','Player'),(147,'David Hashimi nunez','dhash009','cc66ee2b36d1feccbaee5ca06eb958646d3f383f','e',5190704,'dhash009@uottawa.ca',NULL,NULL,'2010-11-01 13:27:07','Player'),(148,'Rebecca Laviolette','Castiel','102712c7c9c04b6de722daab600a940197bb15ab','e',5221538,'rebecca.laviolette@hotmail.com',NULL,'16138597714','2010-11-01 13:28:02','Player'),(149,'jane lytvynenko','Yevgeniya','d7c1f7bde7b32eb0793c2767701df47e060bf3e7','e',5623943,'jane.lytv@gmail.com','zebrasafari',NULL,'2010-11-01 13:42:07','Player'),(151,'chris conroy','mcboogerballs','7ce776ccd14ae22d74626c7835d55f8c7ed5ee60','e',6002318,'cconr023@uottawa.ca',NULL,NULL,'2010-11-01 14:10:56','Player'),(152,'Brianne Paulin','Bri','5d5659ec4661c076498f6d7f8ecde0eed2dca16f','f',5588991,'bpaul096@uottawa.ca',NULL,'16139865701','2010-11-01 14:14:24','Player'),(153,'Jamie Champagne','Cap','a113a2ba60a7de4df04de6d55856e0945fe1df14','e',5276373,'jcham080@uottawa.ca',NULL,NULL,'2010-11-01 14:17:09','Player'),(154,'Letourneau','Elizabeth','dc87baece991d8c827c77539f7fec0bc1ab01f10','e',5410076,'lil_bazile@hotmail.com',NULL,NULL,'2010-11-01 14:22:34','Player'),(156,'Joe Downes','Broseph','6117e45ab57f8660d866a21ca5e9d2c31dbc1945','e',4922267,'jdown072@uottawa.ca',NULL,NULL,'2010-11-01 14:38:36','Player'),(157,'Mac','mac','759730a97e4373f3a0ee12805db065e3a4a649a5','e',6030109,'obrien-21@hotmail.com',NULL,'16139193975','2010-11-01 14:54:55','Player'),(158,'Rana Laviolette','Chomper','7476d1df7d30dec81e84334cc614bf028c6e5597','e',5596633,'rana_laviolette@hotmail.com',NULL,NULL,'2010-11-01 15:05:36','Player'),(159,'Tyson Sangster','tsangster17','4efd1750b64ea89433ee95192c2ca3735cea0694','e',6121984,'tyson.sangster@yahoo.ca',NULL,'16135529335','2010-11-01 15:45:17','Player'),(160,'Adam Griese','adam','34dc8e1804c0a14aeb717e91af443219be617042','e',6153912,'avg_gva@hotmail.com',NULL,'19254077427','2010-11-01 15:57:03','Player'),(161,'Daniel Dumas','Dan the Man','fab55d392f13f933740afe5a9873986ffb492342','e',5559978,'dduma083@uottawa.ca',NULL,NULL,'2010-11-01 15:59:09','Player'),(162,'Kaitlynne-Rae Landry','krae','22367ae91a89fa9c1629ad1d899ec8efaacecc3c','e',5220959,'krae89@gmail.com','kaitlynnerae','16139865720','2010-11-01 16:03:42','Player'),(163,'Alicia','LICIAKEYS12','29966b25977aeb686c45c539dba3154cf30446f6','e',5964254,'alicia.emond@gmail.com',NULL,'16132917132','2010-11-01 16:37:00','Player'),(164,'Lina Nasr El Hag Ali','Lina09','6ae572b9174e69b765405cba0c6ad45708eee3f2','e',5307278,'lhash083@uottawa.ca',NULL,'16137968830','2010-11-01 16:50:56','Player'),(165,'Chase Patterson','iShowerNekked','3dedcfb6c8a1bd5151707f95fa604aefe5069d65','e',5312244,'charlespatterson22@gmail.com','iShowerNekked','16136087116','2010-11-01 17:00:03','Player'),(166,'Krista Shatford','kristashatford','811081e8f9beb300c236a836237e2c7b431b4d5f','e',6015796,'kshat101@uottawa.ca',NULL,NULL,'2010-11-01 17:09:04','Player'),(167,'Amy Stewart','Amy','53558ce6d2514b5ce1107128b7b2e182da4004ae','e',5937837,'amystewart03@hotmail.com',NULL,'17052665300','2010-11-01 17:27:54','Player'),(168,'sydney hannah','sydney','c5f08251506033da0e1748a47d20394d109df36d','e',5937757,'sydney_hannah10@hotmail.com',NULL,'16138785763','2010-11-01 17:33:08','Player'),(170,'Joshua Scriver','jscriver3','28c579f9a030630be0e00831d77fe75d43a1ee88','e',5254226,'jscriver3@hotmail.com',NULL,NULL,'2010-11-01 17:49:06','Player'),(171,'Ben Stenzler','manak','9baaec95de89b698ce25b50a8ce04d54692d31f2','e',6015199,'benjaminstenzler@hotmail.com',NULL,'16137978117','2010-11-01 19:55:10','Player'),(172,'Anisa Mary Ramia','Rogue','815f2bbc608420db795490a8225b80ba06f6186f','e',4837234,'arami039@uottawa.ca',NULL,'16137995982','2010-11-01 19:58:38','Player'),(173,'Karen Cangy','zombie069','f7c3bc1d808e04732adf679965ccc34ca7ae3441','e',5760964,'kcang069@uottawa.ca',NULL,NULL,'2010-11-01 20:23:30','Player'),(175,'Alen Antoun','JackOfDiamonds','02867e63a0aa19aa602ef29e83f62da4f5ed7707','e',5632005,'alen.a@live.ca',NULL,NULL,'2010-11-01 20:30:04','Player'),(176,'Nabila Rahman','coolkat13','722590bc9db2196beb9fcfb1de2055a677d310af','e',5129121,'nrahman@gmail.com',NULL,NULL,'2010-11-01 20:32:44','Player'),(185,'Scott Gilmour','Gilmour','9ef42e940f9e30967a18a288b0fb1367ca1ae89f','e',5660796,'Ruomligs@hotmail.com',NULL,'16138833245','2010-11-02 14:44:00','Player'),(179,'Alex Locke','Flooka','fda79fe008b76441f274a3800bab9eb1ec9f81ff','e',5704703,'AlexLocke6@gmail.com',NULL,'16139868819','2010-11-02 09:52:54','Player'),(180,'Joshua Russell','EYESEE','ea536b5d46c06454cb1ba5812b24bcd7187164d5','e',5697819,'jruss024@uottawa.ca',NULL,NULL,'2010-11-02 13:23:23','Player'),(181,'Brian','zeroexe','1b7fa9571060e72d75f792f57178b723d35749ae','e',5600325,'bcharringtonexe@me.com','zeroexe43','16139832056','2010-11-02 14:11:13','Player'),(182,'Nick Weymouth','nickweymouth','3c9f27605426f2a3e5a17cbd12777af01cfc63c1','e',5675888,'nick.weymouth@sympatico.ca',NULL,NULL,'2010-11-02 14:11:22','Player'),(183,'Joy Beshie','JBesh','29bad72a7cf1540d8474961334d174db13b4a817','e',5616559,'joybeshie@hotmail.com',NULL,NULL,'2010-11-02 14:21:55','Player'),(184,'Andrew Lorimer','Forte','970f2583830a043dffad34207ce0115f2ab1cbdc','e',4575720,'adesj025@uottawa.ca',NULL,'16138522971','2010-11-02 14:38:27','Player'),(186,'Harrison Smith','Foxy','77eb922db598cfc7834509c97bedf34ebc4aa169','e',5622766,'harrison.smith@sympatico.ca',NULL,'16132945450','2010-11-02 14:50:10','Player'),(187,'Emily McConnell','emcco036','c8842a480e6508f2bbf20840a61c1d185b0104dd','e',5248831,'emcco036@uottawa.ca',NULL,NULL,'2010-11-02 14:52:03','Player'),(188,'Walter Spera','broodlord','7c4a8d09ca3762af61e59520943dc26494f8941b','e',5646937,'starcrafter123@hotmail.com',NULL,'16136188557','2010-11-02 14:54:21','Player'),(190,'Justin Richard','justin','d0f19c7e6f0ec517f4d412815906f782ec49c8d8','e',6121154,'justin_r26@hotmail.com',NULL,'16133167005','2010-11-02 15:19:22','Player'),(177,'Ashley Ralston','IvoryAshes','927365bef67690218e20129a727914b3ed248e70','e',5612018,'arals023@uottawa.ca',NULL,NULL,'2010-11-01 21:56:40','Player'),(191,'Erin Bolton','ebolt012','fc2ad68fe2e521f35f76b771640046802b1313d1','e',5225507,'bolton.erinfaith@gmail.com',NULL,'16136207239','2010-11-02 15:32:24','Player'),(192,'Amanda Williams','awill090','ff854db2122a009509f8d13487ae2efd98a169a2','e',5565257,'awill090@uottawa.ca','awill090@uottawa.ca',NULL,'2010-11-02 15:36:01','Player'),(198,'Nicole Moffett','Nicole','95b7a8e3262e6a77f5730d08e0f680f79b8177d1','e',5699960,'nmoff065@uottawa.ca',NULL,NULL,'2010-11-02 17:34:37','Player'),(194,'Mike Connors','mikegc','ceffc0d0f7b35944788c664f6b93bae9c99a4463','e',5292177,'mikegconnors@gmail.com','mconz',NULL,'2010-11-02 16:05:53','Player'),(196,'Barbara Sibiga','barb0114','7d9fe4a49c51345f0a344c8fe5c3415c0e634275','e',6020655,'barb.s.0114@hotmail.com',NULL,NULL,'2010-11-02 16:19:01','Player'),(197,'Morgan Sheppard','Ray91','68853daa36e45da9f4ee945a899a35c0c574f9b2','e',6175293,'waiting.for.tomorrow@hotmail.com',NULL,'16133166712','2010-11-02 16:25:31','Player');
/*!40000 ALTER TABLE `user` ENABLE KEYS */;
UNLOCK TABLES;
/*!40103 SET TIME_ZONE=@OLD_TIME_ZONE */;

/*!40101 SET SQL_MODE=@OLD_SQL_MODE */;
/*!40014 SET FOREIGN_KEY_CHECKS=@OLD_FOREIGN_KEY_CHECKS */;
/*!40014 SET UNIQUE_CHECKS=@OLD_UNIQUE_CHECKS */;
/*!40101 SET CHARACTER_SET_CLIENT=@OLD_CHARACTER_SET_CLIENT */;
/*!40101 SET CHARACTER_SET_RESULTS=@OLD_CHARACTER_SET_RESULTS */;
/*!40101 SET COLLATION_CONNECTION=@OLD_COLLATION_CONNECTION */;
/*!40111 SET SQL_NOTES=@OLD_SQL_NOTES */;

-- Dump completed on 2010-11-03 23:50:33
